0,70b3d5499d9565b3,2017-05-30T12:36:00.000Z,43.42266,-1.609919,42.49,339,70b3d5499c3a7f7d,0x7c,0x7c,True,3230236963,-118,-8,7,0x90
1,70b3d5499d9565b3,2017-05-30T12:36:01.000Z,43.42266,-1.60992,42.49,340,70b3d5499c3a7f7d,0x18,0x18,True,3232305968,-116,-12,7,0x11
2,70b3d5499d9565b3,2017-05-30T12:36:04.000Z,43.42266,-1.609923,42.49,341,70b3d5499c3a7f7d,0x7a,0x7a,True,3234374986,-113,3,7,0x98
3,70b3d5499d9565b3,2017-05-30T12:36:06.000Z,43.42266,-1.609916,42.49,342,70b3d5499c3a7f7d,0xdc,0xdc,True,3236444007,-118,-17,7,0xdb
4,70b3d5499d9565b3,2017-05-30T12:36:08.000Z,43.42266,-1.609915,42.49,343,70b3d5499c3a7f7d,0xbe,0xbe,True,3238513015,-117,-10,7,0x58
5,70b3d5499d9565b3,2017-05-30T12:36:10.000Z,43.42264,-1.609894,43.49,344,70b3d5499c3a7f7d,0x89,0x89,True,3240582028,-109,12,7,0xb5
6,70b3d5499d9565b3,2017-05-30T12:36:16.000Z,43.42243,-1.609678,43.49,347,70b3d5499c3a7f7d,0x2f,0x2f,True,3246789069,-111,5,7,0xf7
7,70b3d5499d9565b3,2017-05-30T12:36:18.000Z,43.4224,-1.609586,43.49,348,70b3d5499c3a7f7d,0x23,0x23,True,3248858082,-111,11,7,0x31
8,70b3d5499d9565b3,2017-05-30T12:36:20.000Z,43.42234,-1.609509,43.49,349,70b3d5499c3a7f7d,0x41,0x41,True,3250927097,-115,-8,7,0x2c
9,70b3d5499d9565b3,2017-05-30T12:36:22.000Z,43.42227,-1.609368,43.49,350,70b3d5499c3a7f7d,0xc1,0xc1,True,3252996113,-115,-4,7,0xff
10,70b3d5499d9565b3,2017-05-30T12:36:24.000Z,43.4222,-1.60923,42.49,351,70b3d5499c3a7f7d,0xa3,0xa3,True,3255065121,-117,-15,7,0x83
11,70b3d5499d9565b3,2017-05-30T12:36:26.000Z,43.42213,-1.609075,41.49,352,70b3d5499c3a7f7,0x5,0x19,False,3257134097,-112,2,7,0x6a
12,70b3d5499d9565b3,2017-05-30T12:36:28.000Z,43.42206,-1.608923,41.49,353,70b3d5499c3a7f7d,0x67,0x67,True,3259203153,-113,0,7,0x7b
13,70b3d5499d9565b3,2017-05-30T12:36:30.000Z,43.42204,-1.608783,41.49,354,70b3d5499c3a7f7d,0x50,0x50,True,3261272160,-108,13,7,0xa9
14,70b3d5499d9565b3,2017-05-30T12:36:33.000Z,43.42204,-1.608722,39.49,355,70b3d5499c3a7f7d,0x32,0x32,True,3263341179,-112,7,7,0x2c
15,70b3d5499d9565b3,2017-05-30T12:36:34.000Z,43.42204,-1.60872,39.49,356,70b3d5499c3a7f7d,0x94,0x94,True,3265410191,-111,12,7,0x7a
16,70b3d5499d9565b3,2017-05-30T12:36:37.000Z,43.42204,-1.608706,39.49,357,70b3d5499c3a7f7d,0xf6,0xf6,True,3267479206,-124,-33,7,0xfe
17,70b3d5499d9565b3,2017-05-30T12:36:39.000Z,43.42203,-1.608647,39.49,358,70b3d5499c3a7f7d,0xfa,0xfa,True,3269548143,-119,-17,7,0xc6
18,70b3d5499d9565b3,2017-05-30T12:36:41.000Z,43.42197,-1.608582,39.49,359,70b3d5499c3a7f7d,0x98,0x98,True,3271617231,-108,16,7,0x8
19,70b3d5499d9565b3,2017-05-30T12:36:45.000Z,43.42186,-1.608407,38.49,361,70n3d5499c3é7â&u,ðtd,0xfa,False,3275755252,-125,-40,7,0xe6
20,70b3d5499d9565b3,2017-05-30T12:36:47.000Z,43.42179,-1.608272,38.49,362,70b3d5499c3a7f7d,0x77,0x77,True,3277824277,-116,-11,7,0x59
21,70b3d5499d9565b3,2017-05-30T12:36:51.000Z,43.42158,-1.607898,41.49,364,70b3d5499c3a7f7d,0x22,0x22,True,3281962299,-118,-10,7,0x5f
22,70b3d5499d9565b3,2017-05-30T12:36:55.000Z,43.42143,-1.607525,42.49,366,70b3d5499c3a7f7d,0xe6,0xe6,True,3286100329,-110,17,7,0xc6
23,70b3d5499d9565b3,2017-05-30T12:36:57.000Z,43.42133,-1.607343,42.49,367,70b3d5499c3a7f7d,0x84,0x84,True,3288169336,-105,19,7,0x4e
24,70b3d5499d9565b3,2017-05-30T12:36:59.000Z,43.42123,-1.60718,42.49,368,70b3d5499c3a7f7d,0x88,0x88,True,3290238352,-123,-33,7,0xf6
25,70b3d5499d9565b3,2017-05-30T12:37:08.000Z,43.42105,-1.606955,45.49,÷;ú,5pB3d5499ca4'wd,4xe%,0x41,False,3298515405,-128,-46,7,0x7c
26,70b3d5499d9565b3,2017-05-30T12:37:37.000Z,43.42103,-1.60693,47.49,3˜6,70b3d5499c3a7f7d,0x9c,0xe7,False,3327482598,-120,-25,7,0x60
28,70b3d5499d9565b3,2017-05-30T12:37:37.000Z,43.42103,-1.60693,47.49,392,70b3d5499c3a7f7d,0xd4,0xd4,True,3339896679,-112,4,7,0xf
29,70b3d5499d9565b3,2017-05-30T12:37:51.000Z,43.421,-1.606462,26.49,393,70b3d5499c3a7f7d,0xb6,0xb6,True,3341965684,-118,-16,7,0x9d
30,70b3d5499d9565b3,2017-05-30T12:37:55.000Z,43.42113,-1.605849,28.49,395,70b3d5499c3a7f7d,0xe3,0xe3,True,3346103719,-121,-30,7,0xac
31,70b3d5499d9565b3,2017-05-30T12:37:59.000Z,43.42135,-1.605308,34.49,397,70b3d5499c3a7f7d,0x27,0x27,True,3350241741,-110,9,7,0x7d
32,70b3d5499d9565b3,2017-05-30T12:38:03.000Z,43.42166,-1.604995,35.49,399,70b3d5499c3a7f7d,0x49,0x49,True,3354379761,-105,17,7,0xf7
33,70b3d5499d9565b3,2017-05-30T12:38:06.000Z,43.42193,-1.604904,35.49,400,70b3d5499c3a7f7d,0x14,0x14,True,3356448779,-115,-10,7,0x45
34,70b3d5499d9565b3,2017-05-30T12:38:14.000Z,43.4227,-1.605135,35.49,404,70b3d5499c3a7f7d,0x85,0x85,True,3364726838,-113,-4,7,0x26
35,70b3d5499d9565b3,2017-05-30T12:38:16.000Z,43.4229,-1.605151,36.49,405,70b3d5499c3a7f7d,0xe7,0xe7,True,3366795845,-112,-1,7,0x1c
36,70b3d5499d9565b3,2017-05-30T12:38:18.000Z,43.42309,-1.60513,36.49,406,70b3d5499c3a7f7d,0x41,0x41,True,3368864862,-107,21,7,0x95
37,70b3d5499d9565b3,2017-05-30T12:38:20.000Z,43.42327,-1.605088,36.49,407,70b3d5499c3a7f7d,0x23,0x23,True,3370933878,-111,10,7,0xfb
38,70b3d5499d9565b3,2017-05-30T12:38:22.000Z,43.42342,-1.605043,36.49,408,70b3d5499c3a7f7d,0x2f,0x2f,True,3373002878,-105,19,7,0xb8
39,70b3d5499d9565b3,2017-05-30T12:38:24.000Z,43.42346,-1.604954,34.49,409,70b3d5499c3a7f7d,0x4d,0x4d,True,3375072894,-104,20,7,0xeb
40,70b3d5499d9565b3,2017-05-30T12:38:26.000Z,43.42344,-1.604854,36.49,410,70b3d5499c3a7f7d,0xcd,0xcd,True,3377141915,-102,22,7,0x21
41,70b3d5499d9565b3,2017-05-30T12:38:28.000Z,43.42341,-1.604788,36.49,411,70b3d5499c3a7f7d,0xaf,0xaf,True,3379210932,-102,23,7,0x32
42,70b3d5499d9565b3,2017-05-30T12:38:30.000Z,43.42339,-1.604755,35.49,412,70b3d5499c3a7f7,0x9,0xb5,False,3381279892,-96,28,7,0x28
43,70b3d5499d9565b3,2017-05-30T12:38:32.000Z,43.42336,-1.604709,35.49,413,70b3d5499c3a7f7d,0x6b,0x6b,True,3383348954,-107,21,7,0xb5
44,70b3d5499d9565b3,2017-05-30T12:38:37.000Z,43.42317,-1.604528,35.49,415,70b3d5499c3a7f7d,0x3e,0x3e,True,3387486988,-116,-10,7,0xa
45,70b3d5499d9565b3,2017-05-30T12:38:39.000Z,43.42307,-1.604429,35.49,416,70b3d5499c3a7f7d,0x98,0x98,True,3389556000,-118,-16,7,0xb3
46,70b3d5499d9565b3,2017-05-30T12:39:57.000Z,43.4231,-1.604278,30.49,454,70b3d5499c3a7f7d,0x13,0x13,True,3468181507,-120,-22,7,0x5e
47,70b3d5499d9565b3,2017-05-30T12:39:59.000Z,43.42318,-1.604405,32.49,455,70b3d5499c3a7f7d,0x71,0x71,True,3470250517,-122,-28,7,0xe2
48,70b3d5499d9565b3,2017-05-30T12:40:02.000Z,43.42329,-1.604572,32.49,456,70b3d5499c3a7f7d,0xd7,0xd7,True,3472318540,-107,17,7,0x30
49,70b3d5499d9565b3,2017-05-30T12:40:03.000Z,43.42334,-1.604611,32.49,457,70b3d5499c3a7f7d,0xb5,0xb5,True,3474387550,-105,21,7,0x7f
50,70b3d5499d9565b3,2017-05-30T12:40:06.000Z,43.4234,-1.604693,33.49,458,70b3d5499c3a7f7d,0xb9,0xb9,True,3476456564,-105,20,7,0x29
51,70b3d5499d9565b3,2017-05-30T12:40:08.000Z,43.4234,-1.604699,31.49,459,70b3d5499c3a7f7d,0xdb,0xdb,True,3478525565,-102,26,7,0x4d
52,70b3d5499d9565b3,2017-05-30T12:40:10.000Z,43.4234,-1.6047,30.49,460,70b3d5499c3a7f7d,0xf0,0xf0,True,3480594591,-101,26,7,0xf3
53,70b3d5499d9565b3,2017-05-30T12:40:12.000Z,43.42348,-1.604761,31.49,461,70b3d5499c3a7f7d,0x92,0x92,True,3482663603,-100,25,7,0xed
54,70b3d5499d9565b3,2017-05-30T12:40:14.000Z,43.42354,-1.604845,31.49,462,70b3d5499c3a7f7d,0x34,0x34,True,3484732618,-101,23,7,0xc8
55,70b3d5499d9565b3,2017-05-30T12:40:16.000Z,43.42361,-1.604914,30.49,463,70b3d5499c3a7f7d,0x56,0x56,True,3486801625,-101,26,7,0xd0
56,70b3d5499d9565b3,2017-05-30T12:40:18.000Z,43.42363,-1.604938,31.49,464,70b3d5499c3a7f7d,0x61,0x61,True,3488870642,-115,-7,7,0x90
57,70b3d5499d9565b3,2017-05-30T12:40:20.000Z,43.42362,-1.604936,31.49,465,70b3d5499c3a7f7,0x3,0x4f,False,3490939609,-95,23,7,0x25
58,70b3d5499d9565b3,2017-05-30T12:40:22.000Z,43.42363,-1.604953,31.49,466,70b3d5499c3a7f7d,0xa5,0xa5,True,3493008668,-104,19,7,0x15
59,70b3d5499d9565b3,2017-05-30T12:40:24.000Z,43.42369,-1.604974,30.49,467,70b3d5499c3a7f7d,0xc7,0xc7,True,3495077682,-97,25,7,0x3b
60,70b3d5499d9565b3,2017-05-30T12:40:26.000Z,43.42374,-1.605026,32.49,468,70b3d5499c3a7f7d,0xcb,0xcb,True,3497146700,-97,25,7,0xad
61,70b3d5499d9565b3,2017-05-30T12:40:28.000Z,43.4238,-1.605083,32.49,469,70b3d5499c3a7f7d,0xa9,0xa9,True,3499215710,-102,22,7,0x4f
62,70b3d5499d9565b3,2017-05-30T12:40:30.000Z,43.42387,-1.605153,32.49,470,70b3d5499c3a7f7d,0x29,0x29,True,3501285721,-102,22,7,0x56
63,70b3d5499d9565b3,2017-05-30T12:40:33.000Z,43.424,-1.605251,30.49,471,70b3d5499c3a7f7d,0x4b,0x4b,True,3503354736,-105,19,7,0x68
64,70b3d5499d9565b3,2017-05-30T12:40:34.000Z,43.42404,-1.605288,30.49,472,70b3d5499c3a7f7d,0xed,0xed,True,3505423837,-101,22,7,0xf1
65,70b3d5499d9565b3,2017-05-30T12:40:37.000Z,43.42413,-1.605381,29.49,473,70b3d5499c3a7f7d,0x8f,0x8f,True,3507492763,-107,19,7,0xe8
66,70b3d5499d9565b3,2017-05-30T12:40:39.000Z,43.4242,-1.605429,29.49,474,70b3d5499c3a7f7d,0xb8,0xb8,True,3509561782,-105,16,7,0xf8
67,70b3d5499d9565b3,2017-05-30T12:40:45.000Z,43.42441,-1.605532,27.49,477,70b3d5499c3a7f7d,0x1e,0x1e,True,3515769810,-104,23,7,0x94
68,70b3d5499d9565b3,2017-05-30T12:40:47.000Z,43.42443,-1.60554,27.49,478,70b3d5499c3a7f7d,0x12,0x12,True,3517838837,-104,23,7,0x1a
69,70b3d5499d9565b3,2017-05-30T12:40:49.000Z,43.42444,-1.605564,27.49,479,70b3d5499c3a7f7d,0x70,0x70,True,3519907842,-110,9,7,0x6b
70,70b3d5499d9565b3,2017-05-30T12:40:51.000Z,43.42444,-1.605637,25.49,480,70b3d5499c3a7f7d,0x8a,0x8a,True,3521976858,-102,24,7,0xad
71,70b3d5499d9565b3,2017-05-30T12:40:53.000Z,43.42442,-1.605745,25.49,481,70b3d5499c3a7f7d,0xe8,0xe8,True,3524045873,-109,15,7,0x94
72,70b3d5499d9565b3,2017-05-30T12:40:55.000Z,43.42438,-1.605853,25.49,482,70b3d5499c3a7f7d,0x4e,0x4e,True,3526114880,-111,5,7,0x25
73,70b3d5499d9565b3,2017-05-30T12:40:57.000Z,43.42434,-1.606009,25.49,483,70b3d5499c3a7f7d,0x2c,0x2c,True,3528183895,-100,26,7,0x26
74,70b3d5499d9565b3,2017-05-30T12:40:59.000Z,43.4243,-1.60615,24.49,484,70b3d5499c3a7f7d,0x1b,0x1b,True,3530252911,-103,24,7,0x76
75,70b3d5499d9565b3,2017-05-30T12:41:01.000Z,43.42424,-1.606315,22.49,485,70b3d5499c3a7f7d,0x79,0x79,True,3532321921,-102,22,7,0xec
76,70b3d5499d9565b3,2017-05-30T12:41:04.000Z,43.42414,-1.606587,19.49,486,70b3d5499c3a7f7d,0xdf,0xdf,True,3534390945,-101,27,7,0x8d
77,70b3d5499d9565b3,2017-05-30T12:41:06.000Z,43.4241,-1.606756,16.49,487,70b3d5499c3a7f7d,0xbd,0xbd,True,3536459949,-103,22,7,0x53
78,70b3d5499d9565b3,2017-05-30T12:41:10.000Z,43.42407,-1.606946,15.49,489,70b3d5499c3a7f7d,0xd3,0xd3,True,3540597975,-109,10,7,0x1b
79,70b3d5499d9565b3,2017-05-30T12:41:12.000Z,43.42408,-1.606974,15.49,490,70b3d5499c3a7f7d,0x53,0x53,True,3542666995,-105,19,7,0x25
80,70b3d5499d9565b3,2017-05-30T12:41:14.000Z,43.42411,-1.607006,16.49,491,70b3d5499c3a7f7d,0x31,0x31,True,3544736004,-108,18,7,0x66
81,70b3d5499d9565b3,2017-05-30T12:41:16.000Z,43.42409,-1.607009,16.49,492,70b3d5499c3a7f7d,0x97,0x97,True,3546805020,-111,8,7,0xc7
82,70b3d5499d9565b3,2017-05-30T12:41:18.000Z,43.42408,-1.607126,17.49,493,70b3d5499c3a7f7d,0xf5,0xf5,True,3548874026,-107,19,7,0xe5
83,70b3d5499d9565b3,2017-05-30T12:41:20.000Z,43.42406,-1.60723,17.49,494,70b3d5499c3a7f7d,0xc2,0xc2,True,3550943041,-108,15,7,0xd6
84,70b3d5499d9565b3,2017-05-30T12:41:22.000Z,43.42401,-1.607396,18.49,495,70b3d5499c3a7f7d,0xa0,0xa0,True,3553012051,-108,15,7,0x42
85,70b3d5499d9565b3,2017-05-30T12:41:24.000Z,43.424,-1.60759,20.49,496,70b3d5499c3a7f7,0x6,0x32,False,3555081034,-98,26,7,0xfa
86,70b3d5499d9565b3,2017-05-30T12:41:26.000Z,43.42394,-1.60773,21.49,497,70b3d5499c3a7f7d,0x64,0x64,True,3557150081,-103,22,7,0xde
87,70b3d5499d9565b3,2017-05-30T12:41:28.000Z,43.42392,-1.607852,20.49,498,70b3d5499c3a7f7d,0x68,0x68,True,3559219105,-109,12,7,0x3b
88,70b3d5499d9565b3,2017-05-30T12:41:31.000Z,43.42392,-1.608101,23.49,499,70b3d5499c3a7f7,0xa,0x9e,False,3561288072,-105,20,7,0x31
89,70b3d5499d9565b3,2017-05-30T12:41:33.000Z,43.42388,-1.608286,24.49,500,70b3d5499c3a7f7d,0xdf,0xdf,True,3563357130,-104,21,7,0xb8
90,70b3d5499d9565b3,2017-05-30T12:41:35.000Z,43.42383,-1.608464,26.49,501,70b3d5499c3a7f7d,0xbd,0xbd,True,3565426137,-103,22,7,0x70
91,70b3d5499d9565b3,2017-05-30T12:41:39.000Z,43.42382,-1.608778,28.49,503,70b3d5499c3a·f7d,0x79,0xa0,False,3569564166,-121,-23,7,0x45
92,70b3d5499d9565b3,2017-05-30T12:41:43.000Z,43.42383,-1.608936,29.49,505,70b3d5499c3a7f7d,0x2c,0x2c,True,3573702191,-112,3,7,0xf1
93,70b3d5499d9565b3,2017-05-30T12:41:45.000Z,43.42388,-1.608974,30.49,506,70b3d5499c3a7f7d,0x8a,0x8a,True,3575771205,-111,6,7,0x47
94,70b3d5499d9565b3,2017-05-30T12:41:47.000Z,43.42395,-1.609013,31.49,507,70b3d5499c3a7f7d,0xe8,0xe8,True,3577840220,-116,-8,7,0x52
95,70b3d5499d9565b3,2017-05-30T12:41:49.000Z,43.42403,-1.609026,31.49,508,70b3d5499c3a7f7d,0xe4,0xe4,True,3579909229,-103,22,7,0x2a
96,70b3d5499d9565b3,2017-05-30T12:41:51.000Z,43.42418,-1.609047,32.49,509,70b3d5499c3a7f7d,0x86,0x86,True,3581978243,-99,26,7,0x6a
97,70b3d5499d9565b3,2017-05-30T12:41:53.000Z,43.4243,-1.609053,32.49,510,70b3d5499c3a7f7,0x6,0x32,False,3584047218,-109,14,7,0x9c
98,70b3d5499d9565b3,2017-05-30T12:41:55.000Z,43.42441,-1.609065,33.49,511,70b3d5499c3a7f7d,0x64,0x64,True,3586117386,-102,21,7,0x29
99,70b3d5499d9565b3,2017-05-30T12:41:57.000Z,43.42451,-1.609056,33.49,512,70b3d5499c3a7f7d,0xc2,0xc2,True,3588186289,-103,25,7,0xec
100,70b3d5499d9565b3,2017-05-30T12:41:59.000Z,43.42458,-1.609055,33.49,513,70b3d5499c3a7f7d,0xa0,0xa0,True,3590255298,-97,25,7,0x13
101,70b3d5499d9565b3,2017-05-30T12:42:01.000Z,43.42465,-1.609047,33.49,514,70b3d5499c3a7f7d,0x97,0x97,True,3592324315,-105,24,7,0xe0
102,70b3d5499d9565b3,2017-05-30T12:42:04.000Z,43.42475,-1.609047,33.49,515,70b3d5499c3a7f7d,0xf5,0xf5,True,3594393331,-99,27,7,0x48
103,70b3d5499d9565b3,2017-05-30T12:42:05.000Z,43.42476,-1.609048,34.49,516,70b3d5499c3a7f7d,0x53,0x53,True,3596463336,-100,26,7,0x41
104,70b3d5499d9565b3,2017-05-30T12:42:08.000Z,43.42479,-1.609053,34.49,517,70b3d5499c3a7f7d,0x31,0x31,True,3598532351,-109,21,7,0x78
105,70b3d5499d9565b3,2017-05-30T12:42:10.000Z,43.42483,-1.609044,33.49,518,70b3d5499c3a7f7d,0x3d,0x3d,True,3600601375,-109,8,7,0x2d
106,70b3d5499d9565b3,2017-05-30T12:42:14.000Z,43.42502,-1.608995,35.49,520,70b3d5499c3a7f7d,0x74,0x74,True,3604739395,-107,17,7,0x71
107,70b3d5499d9565b3,2017-05-30T12:42:18.000Z,43.42515,-1.608856,37.49,522,70b3d5499c3a7f7d,0xb0,0xb0,True,3608877420,-108,16,7,0x49
108,70b3d5499d9565b3,2017-05-30T12:42:20.000Z,43.42517,-1.608745,36.49,523,70b3d5499c3a7f7d,0xd2,0xd2,True,3610946438,-119,-21,7,0x75
109,70b3d5499d9565b3,2017-05-30T12:42:22.000Z,43.42524,-1.608615,35.49,524,70b3d5499c3a7f7d,0xe5,0xe5,True,3613016444,-111,0,7,0xec
110,70b3d5499d9565b3,2017-05-30T12:42:24.000Z,43.42527,-1.608467,34.49,525,70b3d5499c3a7f7d,0x87,0x87,True,3615085465,-110,1,7,0x46
111,70b3d5499d9565b3,2017-05-30T12:42:26.000Z,43.42529,-1.60829,31.49,526,70b3d5499c3a7f7d,0x21,0x21,True,3617154476,-111,5,7,0x28
112,70b3d5499d9565b3,2017-05-30T12:42:31.000Z,43.42537,-1.607898,27.49,528,70b3d5499c3a7f7d,0x4f,0x4f,True,3621292506,-100,24,7,0x31
113,70b3d5499d9565b3,2017-05-30T12:42:32.000Z,43.42537,-1.607838,27.49,529,70b3d5499c3a7f7d,0x2d,0x2d,True,3623361513,-111,1,7,0xc4
114,70b3d5499d9565b3,2017-05-30T12:42:37.000Z,43.42539,-1.60746,27.49,531,70b3d5499c3a7f7d,0xcf,0xcf,True,3627499547,-114,-7,7,0x78
115,70b3d5499d9565b3,2017-05-30T12:42:39.000Z,43.42543,-1.607279,27.49,532,70b3d5499c3a7f7d,0x69,0x69,True,3629568562,-110,4,7,0x79
116,70b3d5499d9565b3,2017-05-30T12:42:41.000Z,43.42546,-1.607085,27.49,533,70b3d5499c3a7f7,0xb,0x87,False,3631637528,-102,23,7,0xc0
117,70b3d5499d9565b3,2017-05-30T12:42:43.000Z,43.4255,-1.606905,26.49,534,70b3d5499c3a7f7d,0x3c,0x3c,True,3633706587,-112,-5,7,0xf5
118,70b3d5499d9565b3,2017-05-30T12:42:45.000Z,43.42553,-1.606752,26.49,535,70b3d5499c3a7f7d,0x5e,0x5e,True,3635775597,-119,-17,7,0xe2
119,70b3d5499d9565b3,2017-05-30T12:42:47.000Z,43.42555,-1.606649,24.49,536,70b3d5499c3a7f7d,0xf8,0xf8,True,3637844613,-116,-11,7,0x27
120,70b3d5499d9565b3,2017-05-30T12:42:49.000Z,43.42556,-1.606603,24.49,537,70b3d5499c3a7f7d,0x9a,0x9a,True,3639913756,-108,17,7,0x77
121,70b3d5499d9565b3,2017-05-30T12:42:50.000Z,43.42557,-1.606609,24.49,538,70b3d5499c3a7f7d,0x96,0x96,True,3641982638,-111,8,7,0x3c
122,70b3d5499d9565b3,2017-05-30T12:42:50.000Z,43.42557,-1.606609,24.49,539,70b3d5499c3a7f7d,0xf4,0xf4,True,3644051654,-111,8,7,0xb4
123,70b3d5499d9565b3,2017-05-30T12:42:50.000Z,43.42557,-1.606609,24.49,540,70b3d5499c3a7f7d,0x90,0x90,True,3646119668,-117,-16,7,0x9
124,70b3d5499d9565b3,2017-05-30T12:42:50.000Z,43.42557,-1.606609,24.49,542,70b3d5499c3a7f7d,0x54,0x54,True,3650257690,-111,2,7,0x1b
125,70b3d5499d9565b3,2017-05-30T12:42:50.000Z,43.42557,-1.606609,24.49,543,70b3d5499c3a7f7d,0x36,0x36,True,3652326701,-115,-7,7,0xb9
126,70b3d5499d9565b3,2017-05-30T12:43:04.000Z,43.42569,-1.606352,25.49,544,70b3d5499c3a7f7,0x1,0x7d,False,3654395679,-113,-1,7,0x2f
127,70b3d5499d9565b3,2017-05-30T12:43:05.000Z,43.42573,-1.606178,26.49,545,70b3d5499c3a7f7d,0x63,0x63,True,3656464730,-116,-12,7,0xce
128,70b3d5499d9565b3,2017-05-30T12:43:10.000Z,43.42576,-1.605884,24.49,161ê70¢µNÛÑXÇëÖÀ14,0xm',0x2c,False,3660602760,-125,-40,7,0x38
129,70b3d5499d9565b3,2017-05-30T12:43:14.000Z,43.42566,-1.605829,24.49,549¬·8â3d5435c3a7f7d,0xc9,0x47,False,3664740784,-121,-26,7,0xba
130,70b3d5499d9565b3,2017-05-30T12:43:18.000Z,43.42561,-1.605784,22.49,551,70b3d5499c3a7f7d,0x2b,0x2b,True,3668879806,-122,-29,7,0xcb
131,70b3d5499d9565b3,2017-05-30T12:43:20.000Z,43.42556,-1.605736,23.49,552,70b3d5499c3a7f7d,0x8d,0x8d,True,3670948823,-107,17,7,0xd1
132,70b3d5499d9565b3,2017-05-30T12:43:22.000Z,43.42547,-1.60567,22.49,553,70b3d5499c3a7f7d,0xef,0xef,True,3673017834,-109,13,7,0x7
133,70b3d5499d9565b3,2017-05-30T12:43:24.000Z,43.4254,-1.605582,22.49,554,70b3d5499c3a7f7d,0xd8,0xd8,True,3675086856,-110,-5,7,0xfe
134,70b3d5499d9565b3,2017-05-30T12:43:26.000Z,43.42527,-1.60554,21.49,555,70b3d5499c3a7f7d,0xba,0xba,True,3677155864,-104,23,7,0x91
135,70b3d5499d9565b3,2017-05-30T12:43:29.000Z,43.42508,-1.60561,24.49,556,70b3d5499c3a7f7d,0x1c,0x1c,True,3679224876,-117,-16,7,0x9d
136,70b3d5499d9565b3,2017-05-30T12:43:30.000Z,43.42501,-1.605629,23.49,557,70b3d5499c3a7f7d,0x7e,0x7e,True,3681293884,-105,16,7,0x35
137,70b3d5499d9565b3,2017-05-30T12:43:33.000Z,43.42485,-1.605645,22.49,558,70b3d5499c3a7f7d,0x72,0x72,True,3683362911,-111,1,7,0x8
138,70b3d5499d9565b3,2017-05-30T12:43:34.000Z,43.42478,-1.605642,23.49,559,70b3d5499c3a7f7d,0x10,0x10,True,3685431911,-102,21,7,0x75
139,70b3d5499d9565b3,2017-05-30T12:43:37.000Z,43.42464,-1.605597,22.49,560,70b3d5499c3a7f7d,0x3b,0x3b,True,3687500934,-107,15,7,0x9a
140,70b3d5499d9565b3,2017-05-30T12:43:39.000Z,43.42456,-1.605547,23.49,561,70b3d5499c3a7f7d,0x59,0x59,True,3689569946,-95,26,7,0x10
141,70b3d5499d9565b3,2017-05-30T12:43:41.000Z,43.42454,-1.605541,24.49,562,70b3d5499c3a7f7d,0xff,0xff,True,3691638954,-112,-3,7,0xbf
142,70b3d5499d9565b3,2017-05-30T12:43:43.000Z,43.42453,-1.605501,23.49,563,70b3d5499c3a7f7d,0x9d,0x9d,True,3693707965,-105,14,7,0xba
143,70b3d5499d9565b3,2017-05-30T12:43:45.000Z,43.4245,-1.605406,24.49,564,70b3d5499c3a7f7d,0xaa,0xaa,True,3695776988,-101,23,7,0xe2
144,70b3d5499d9565b3,2017-05-30T12:43:47.000Z,43.42447,-1.605299,27.49,565,70b3d5499c3a7f7d,0xc8,0xc8,True,3697845995,-114,-6,7,0x96
145,70b3d5499d9565b3,2017-05-30T12:43:53.000Z,43.4244,-1.604997,32.49,568,70b3d5499c3a7f7,0x0,0x64,False,3704055992,-110,8,7,0xf8
146,70b3d5499d9565b3,2017-05-30T12:43:55.000Z,43.42439,-1.604994,32.49,569,70b3d5499c3a7f7d,0x62,0x62,True,3706125048,-109,10,7,0xd2
147,70b3d5499d9565b3,2017-05-30T12:43:57.000Z,43.42439,-1.604992,33.49,570,70b3d5499c3a7f7d,0xe2,0xe2,True,3708194067,-110,9,7,0x11
148,70b3d5499d9565b3,2017-05-30T12:43:59.000Z,43.42439,-1.604989,33.49,571,70b3d5499c3a7f7d,0x80,0x80,True,3710263084,-108,11,7,0xa
149,70b3d5499d9565b3,2017-05-30T12:44:02.000Z,43.42439,-1.60499,33.49,572,70b3d5499c3a7f7d,0x26,0x26,True,3712333091,-109,12,7,0xc6
150,70b3d5499d9565b3,2017-05-30T12:44:04.000Z,43.42439,-1.604988,34.49,573,70b3d5499c3a7f7d,0x44,0x44,True,3714402105,-109,14,7,0xbc
151,70b3d5499d9565b3,2017-05-30T12:44:05.000Z,43.42439,-1.604988,34.49,574,70b3d5499c3a7f7d,0x73,0x73,True,3716471117,-111,3,7,0x69
152,70b3d5499d9565b3,2017-05-30T12:44:08.000Z,43.42437,-1.604933,33.49,575,70b3d5499c3a7f7d,0x11,0x11,True,3718540138,-104,21,7,0x2
153,70b3d5499d9565b3,2017-05-30T12:44:10.000Z,43.42433,-1.604837,32.49,576,70b3d5499c3a7f7d,0xb7,0xb7,True,3720609150,-114,-15,7,0x9d
154,70b3d5499d9565b3,2017-05-30T12:44:12.000Z,43.42428,-1.60479,33.49,577,70b3d5499c3a7f7d,0xd5,0xd5,True,3722678157,-104,18,7,0x63
155,70b3d5499d9565b3,2017-05-30T12:44:14.000Z,43.4242,-1.604795,33.49,578,70b3d5499c3a7f7d,0xd9,0xd9,True,3724747175,-105,16,7,0x70
156,70b3d5499d9565b3,2017-05-30T12:44:16.000Z,43.42404,-1.604879,33.49,579,70b3d5499c3a7f7d,0xbb,0xbb,True,3726817186,-97,27,7,0x21
157,70b3d5499d9565b3,2017-05-30T12:44:18.000Z,43.4239,-1.604961,33.49,580,70b3d5499c3a7f7d,0x41,0x41,True,3728886197,-102,21,7,0xaa
158,70b3d5499d9565b3,2017-05-30T12:44:20.000Z,43.42371,-1.605016,35.49,581,70b3d5499c3a7f7d,0x23,0x23,True,3730955213,-102,21,7,0xbf
159,70b3d5499d9565b3,2017-05-30T12:44:22.000Z,43.42354,-1.605069,36.49,582,70b3d5499c3a7f7d,0x85,0x85,True,3733024227,-108,4,7,0x4a
160,70b3d5499d9565b3,2017-05-30T12:44:24.000Z,43.42334,-1.605113,36.49,583,70b3d5499c3a7f7d,0xe7,0xe7,True,3735093241,-109,6,7,0x7d
161,70b3d5499d9565b3,2017-05-30T12:44:30.000Z,43.42271,-1.605214,37.49,586,70b3d5499c3a7f7d,0x14,0x14,True,3741300284,-108,14,7,0x81
162,70b3d5499d9565b3,2017-05-30T12:44:35.000Z,43.42213,-1.604999,39.49,S8X*70b3d5499c3a7V§÷,0x7a,0x9b,False,3745438305,-119,-23,7,0x28
163,70b3d5499d9565b3,2017-05-30T12:44:37.000Z,43.42192,-1.604975,39.49,589,70b3d5499c3a7f7d,0x18,0x18,True,3747507320,-116,-13,7,0x91
164,70b3d5499d9565b3,2017-05-30T12:44:41.000Z,43.42151,-1.605126,40.49,591,70b3d5499c3a7f7d,0xfa,0xfa,True,3751645348,-116,-15,7,0xf3
165,70b3d5499d9565b3,2017-05-30T12:44:45.000Z,43.42122,-1.60553,42.49,593,70b3d5499c3a7f7d,0x3e,0x3e,True,3755783374,-111,-3,7,0x7c
166,70b3d5499d9565b3,2017-05-30T12:44:53.000Z,43.42096,-1.606359,49.49,597,70b3d5499c3a7f7d,0xaf,0xaf,True,3764058428,-115,-11,7,0x40
167,70b3d5499d9565b3,2017-05-30T12:44:58.000Z,43.42096,-1.60636,49.49,599,7 a3d54		c3a7f7d,0xc1,0xdf,False,3768196460,-121,-31,7,0x6e
168,70b3d5499d9565b3,2017-05-30T12:45:08.000Z,43.42096,-1.60637,49.49,¶04,70b3d5499c3a7f7,0xa,0xaf,False,3778541483,-123,-34,7,0xb
169,70b3d5499d9565b3,2017-05-30T12:45:14.000Z,43.42096,-1.606371,49.49,607,70b3D5499c3a7f7d, xP`,0x19,False,3784748568,-124,-36,7,0xa1
170,70b3d5499d9565b3,2017-05-30T12:45:20.000Z,43.42096,-1.606371,49.49,610,70b3d5499c3a7f7d,0x42,0x42,True,3790955600,-124,-35,7,0x2b
171,70b3d5499d9565b3,2017-05-30T12:45:29.000Z,43.42096,-1.606371,49.49,614,70b3f5499c3a7&3d,0}e3,0x9,False,3799233664,-123,-37,7,0x21
172,70b3d5499d9565b3,2017-05-30T12:46:01.000Z,43.42014,-1.607925,48.49,630,'1b3d5499c3a7f7d,0xe9,0x61,False,3832338877,-125,-39,7,0xd5
173,70b3d5499d9565b3,2017-05-30T12:48:14.000Z,43.42074,-1.608903,54.49,698,70b3d54?_3a7Æ”Î,0xe7,0x5c,False,3973035816,-124,-36,7,0x29
174,70b3d5499d9565b3,2017-05-30T12:48:28.000Z,43.42083,-1.608586,62.49,701,70b3d5499c3a7f7d,0x32,0x32,True,3979242860,-111,-3,7,0x23
175,70b3d5499d9565b3,2017-05-30T12:48:31.000Z,43.42089,-1.608384,64.49,702,70b3d5499c3a7f7d,0x94,0x94,True,3981311882,-119,-20,7,0x55
176,70b3d5499d9565b3,2017-05-30T12:48:33.000Z,43.42096,-1.608269,64.49,703,70b3d5499c3a7f7d,0xf6,0xf6,True,3983380898,-111,4,7,0xeb
177,70b3d5499d9565b3,2017-05-30T12:48:34.000Z,43.42098,-1.608218,63.49,704,70b3d5499c3a7f7d,0xc1,0xc1,True,3985449904,-109,8,7,0xcb
178,70b3d5499d9565b3,2017-05-30T12:48:37.000Z,43.42112,-1.608089,61.49,705,70b3d5499c3a7f7d,0xa3,0xa3,True,3987518918,-105,19,7,0xa8
179,70b3d5499d9565b3,2017-05-30T12:48:39.000Z,43.4212,-1.607964,58.49,706,70b3d5499c3a7f7,0x5,0x19,False,3989587894,-109,12,7,0x7d
180,70b3d5499d9565b3,2017-05-30T12:48:41.000Z,43.4213,-1.607855,57.49,707,70b3d5499c3a7f7d,0x67,0x67,True,3991656950,-101,25,7,0x95
181,70b3d5499d9565b3,2017-05-30T12:48:43.000Z,43.42137,-1.60775,56.49,708,70b3d5499c3a7f7d,0x6b,0x6b,True,3993728958,-107,17,7,0x74
182,70b3d5499d9565b3,2017-05-30T12:48:45.000Z,43.42145,-1.607666,55.49,709,70b3d5499c3a7f7,0x9,0xb5,False,3995797933,-117,-19,7,0x3
183,70b3d5499d9565b3,2017-05-30T12:48:47.000Z,43.42151,-1.607641,56.49,710,70b3d5499c3a7f7d,0x89,0x89,True,3997866988,-104,18,7,0x1c
184,70b3d5499d9565b3,2017-05-30T12:48:51.000Z,43.42151,-1.607642,52.49,712,70b3d5499c3a7f7d,0x4d,0x4d,True,4002005020,-108,13,7,0x89
185,70b3d5499d9565b3,2017-05-30T12:48:53.000Z,43.42153,-1.607679,51.49,713,70b3d5499c3a7f7d,0x2f,0x2f,True,4004074035,-109,9,7,0x92
186,70b3d5499d9565b3,2017-05-30T12:48:55.000Z,43.42157,-1.607764,49.49,714,70b3d5499c3a7f7d,0x18,0x18,True,4006143050,-116,-16,7,0x46
187,70b3d5499d9565b3,2017-05-30T12:49:01.000Z,43.42179,-1.608159,50.49,717,70b3d5499c3a7f7d,0xbe,0xbe,True,4012351088,-122,-28,7,0x3d
188,70b3d5499d9565b3,2017-05-30T12:49:06.000Z,43.42197,-1.608436,51.49,719,70b3d5499c3a7f7d,0xd0,0xd0,True,4016489123,-108,11,7,0xe6
189,70b3d5499d9565b3,2017-05-30T12:49:08.000Z,43.42205,-1.608449,51.49,720,70b3d5499c3a7f7d,0xfb,0xfb,True,4018559130,-105,7,7,0xcd
190,70b3d5499d9565b3,2017-05-30T12:49:10.000Z,43.42212,-1.608405,51.49,721,70b3d5499c3a7f7d,0x99,0x99,True,4020628145,-90,26,7,0xd3
191,70b3d5499d9565b3,2017-05-30T12:49:12.000Z,43.42218,-1.608239,48.49,722,70b3d5499c3a7f7d,0x3f,0x3f,True,4022697158,-91,27,7,0x63
192,70b3d5499d9565b3,2017-05-30T12:49:14.000Z,43.42226,-1.608064,47.49,723,70b3d5499c3a7f7d,0x5d,0x5d,True,4024766169,-88,27,7,0xbb
193,70b3d5499d9565b3,2017-05-30T12:49:16.000Z,43.42234,-1.607862,44.49,724,70b3d5499c3a7f7d,0x6a,0x6a,True,4026835182,-91,28,7,0x72
194,70b3d5499d9565b3,2017-05-30T12:49:18.000Z,43.42243,-1.607658,42.49,725,70b3d5499c3a7f7,0x8,0xac,False,4028904157,-86,27,7,0xce
195,70b3d5499d9565b3,2017-05-30T12:49:20.000Z,43.42251,-1.607439,40.49,726,70b3d5499c3a7f7d,0xae,0xae,True,4030973206,-84,26,7,0x69
196,70b3d5499d9565b3,2017-05-30T12:49:22.000Z,43.4226,-1.607237,38.49,727,70b3d5499c3a7f7d,0xcc,0xcc,True,4033042228,-83,28,7,0xa8
197,70b3d5499d9565b3,2017-05-30T12:49:24.000Z,43.42266,-1.607035,38.49,728,70b3d5499c3a7f7d,0xc0,0xc0,True,4035111244,-82,28,7,0x5c
198,70b3d5499d9565b3,2017-05-30T12:49:26.000Z,43.42271,-1.606824,36.49,729,70b3d5499c3a7f7d,0xa2,0xa2,True,4037180252,-84,24,7,0x90
199,70b3d5499d9565b3,2017-05-30T12:49:28.000Z,43.42276,-1.606643,34.49,730,70b3d5499c3a7f7d,0x22,0x22,True,4039249275,-63,24,7,0x5
200,70b3d5499d9565b3,2017-05-30T12:49:31.000Z,43.42283,-1.606391,33.49,731,70b3d5499c3a7f7d,0x40,0x40,True,4041319282,-67,24,7,0x6a
201,70b3d5499d9565b3,2017-05-30T12:49:33.000Z,43.42286,-1.606293,32.49,732,70b3d5499c3a7f7d,0xe6,0xe6,True,4043388300,-60,24,7,0x20
202,70b3d5499d9565b3,2017-05-30T12:49:35.000Z,43.42288,-1.606241,31.49,733,70b3d5499c3a7f7d,0x84,0x84,True,4045457307,-74,26,7,0xa8
203,70b3d5499d9565b3,2017-05-30T12:49:37.000Z,43.42288,-1.606241,31.49,734,70b3d5499c3a7f7d,0xb3,0xb3,True,4047526332,-78,27,7,0xe5
204,70b3d5499d9565b3,2017-05-30T12:49:39.000Z,43.42288,-1.606275,30.49,735,70b3d5499c3a7f7d,0xd1,0xd1,True,4049595329,-67,25,7,0x18
205,70b3d5499d9565b3,2017-05-30T12:49:41.000Z,43.42285,-1.606309,29.49,736,70b3d5499c3a7f7d,0x77,0x77,True,4051664352,-61,23,7,0x99
206,70b3d5499d9565b3,2017-05-30T12:49:43.000Z,43.42283,-1.606319,30.49,737,70b3d5499c3a7f7d,0x15,0x15,True,4053733367,-67,24,7,0xa3
207,70b3d5499d9565b3,2017-05-30T12:49:45.000Z,43.42283,-1.606339,29.49,738,70b3d5499c3a7f7d,0x19,0x19,True,4055802383,-58,25,7,0x1c
208,70b3d5499d9565b3,2017-05-30T12:49:47.000Z,43.42282,-1.606343,30.49,739,70b3d5499c3a7f7d,0x7b,0x7b,True,4057871391,-58,25,7,0xd1
209,70b3d5499d9565b3,2017-05-30T12:49:49.000Z,43.42282,-1.606333,30.49,740,70b3d5499c3a7f7d,0x1f,0x1f,True,4059940411,-67,24,7,0x1b
210,70b3d5499d9565b3,2017-05-30T12:49:51.000Z,43.42282,-1.606326,32.49,741,70b3d5499c3a7f7d,0x7d,0x7d,True,4062009415,-65,27,7,0x99
211,70b3d5499d9565b3,2017-05-30T12:49:53.000Z,43.42283,-1.606323,32.49,742,70b3d5499c3a7f7d,0xdb,0xdb,True,4064078437,-71,26,7,0x4b
212,70b3d5499d9565b3,2017-05-30T12:49:55.000Z,43.42283,-1.606322,32.49,743,70b3d5499c3a7f7d,0xb9,0xb9,True,4066147451,-74,23,7,0x72
213,70b3d5499d9565b3,2017-05-30T12:49:57.000Z,43.42283,-1.60632,32.49,744,70b3d5499c3a7f7d,0x8e,0x8e,True,4068216605,-75,23,7,0xba
214,70b3d5499d9565b3,2017-05-30T12:50:00.000Z,43.42283,-1.606319,32.49,745,70b3d5499c3a7f7d,0xec,0xec,True,4070285475,-65,28,7,0xa7
215,70b3d5499d9565b3,2017-05-30T12:50:02.000Z,43.42283,-1.606315,32.49,746,70b3d5499c3a7f7d,0x4a,0x4a,True,4072354494,-59,28,7,0x75
216,70b3d5499d9565b3,2017-05-30T12:50:03.000Z,43.42283,-1.606312,32.49,747,70b3d5499c3a7f7d,0x28,0x28,True,4074422499,-60,25,7,0x71
217,70b3d5499d9565b3,2017-05-30T12:50:06.000Z,43.42283,-1.606304,31.49,748,70b3d5499c3a7f7d,0x24,0x24,True,4076491523,-59,26,7,0x8d
218,70b3d5499d9565b3,2017-05-30T12:50:08.000Z,43.42283,-1.606303,31.49,749,70b3d5499c3a7f7d,0x46,0x46,True,4078561641,-61,24,7,0xf
219,70b3d5499d9565b3,2017-05-30T12:50:10.000Z,43.42283,-1.606299,31.49,750,70b3d5499c3a7f7d,0xc6,0xc6,True,4080630544,-61,25,7,0x33
220,70b3d5499d9565b3,2017-05-30T12:50:12.000Z,43.42284,-1.606294,31.49,751,70b3d5499c3a7f7d,0xa4,0xa4,True,4082699555,-57,24,7,0x59
221,70b3d5499d9565b3,2017-05-30T12:50:14.000Z,43.42284,-1.606293,31.49,752,70b3d5499c3a7f7,0x2,0x56,False,4084768531,-59,24,7,0x7e
222,70b3d5499d9565b3,2017-05-30T12:50:16.000Z,43.42284,-1.606292,31.49,753,70b3d5499c3a7f7d,0x60,0x60,True,4086837593,-61,26,7,0xd9
0,70b3d5499d9565b3,2017-05-30T12:31:09.000Z,43.42282,-1.606463,29.49,198,70b3d5499c3a7f7d,0xa4,0xa4,True,2941369741,-59,26,7,0x62
1,70b3d5499d9565b3,2017-05-30T12:31:10.000Z,43.42282,-1.606463,29.49,199,70b3d5499c3a7f7d,0xc6,0xc6,True,2943516535,-59,27,7,0x2e
2,70b3d5499d9565b3,2017-05-30T12:31:12.000Z,43.42282,-1.606463,29.49,200,70b3d5499c3a7f7d,0x9c,0x9c,True,2945508781,-59,26,7,0x57
3,70b3d5499d9565b3,2017-05-30T12:31:14.000Z,43.42282,-1.606463,29.49,201,70b3d5499c3a7f7d,0xfe,0xfe,True,2947577785,-59,28,7,0xae
4,70b3d5499d9565b3,2017-05-30T12:31:16.000Z,43.42282,-1.606463,29.49,202,70b3d5499c3a7f7d,0x58,0x58,True,2949646807,-57,23,7,0x2
5,70b3d5499d9565b3,2017-05-30T12:31:18.000Z,43.42282,-1.606463,29.49,203,70b3d5499c3a7f7d,0x3a,0x3a,True,2951715814,-59,25,7,0x73
6,70b3d5499d9565b3,2017-05-30T12:31:20.000Z,43.42282,-1.606463,29.49,204,70b3d5499c3a7f7,0xd,0xd1,False,2953784782,-60,27,7,0xa6
7,70b3d5499d9565b3,2017-05-30T12:31:22.000Z,43.42282,-1.606463,29.49,205,70b3d5499c3a7f7d,0x6f,0x6f,True,2955853845,-63,24,7,0x9c
8,70b3d5499d9565b3,2017-05-30T12:31:24.000Z,43.42282,-1.606463,29.49,206,70b3d5499c3a7f7d,0xc9,0xc9,True,2957922861,-66,25,7,0x3b
9,70b3d5499d9565b3,2017-05-30T12:31:26.000Z,43.42282,-1.606463,29.49,207,70b3d5499c3a7f7d,0xab,0xab,True,2959991868,-62,25,7,0x2
10,70b3d5499d9565b3,2017-05-30T12:31:28.000Z,43.42282,-1.606463,29.49,208,70b3d5499c3a7f7d,0xa7,0xa7,True,2962060883,-54,24,7,0x27
11,70b3d5499d9565b3,2017-05-30T12:31:31.000Z,43.42284,-1.606443,28.49,209,70b3d5499c3a7f7d,0xc5,0xc5,True,2964129894,-60,26,7,0xf8
12,70b3d5499d9565b3,2017-05-30T12:31:33.000Z,43.42287,-1.606403,28.49,210,70b3d5499c3a7f7d,0x45,0x45,True,2966198916,-73,25,7,0x19
13,70b3d5499d9565b3,2017-05-30T12:31:34.000Z,43.42288,-1.606355,27.49,211,70b3d5499c3a7f7d,0x27,0x27,True,2968267922,-61,23,7,0xad
14,70b3d5499d9565b3,2017-05-30T12:31:37.000Z,43.4229,-1.606236,27.49,212,70b3d5499c3a7f7d,0x81,0x81,True,2970336939,-65,25,7,0xcf
15,70b3d5499d9565b3,2017-05-30T12:31:39.000Z,43.42291,-1.606155,27.49,213,70b3d5499c3a7f7d,0xe3,0xe3,True,2972405955,-76,26,7,0x5e
16,70b3d5499d9565b3,2017-05-30T12:31:41.000Z,43.42292,-1.60608,27.49,214,70b3d5499c3a7f7d,0xd4,0xd4,True,2974474969,-71,24,7,0xa9
17,70b3d5499d9565b3,2017-05-30T12:31:43.000Z,43.42294,-1.606023,28.49,215,70b3d5499c3a7f7d,0xb6,0xb6,True,2976543978,-70,26,7,0x63
18,70b3d5499d9565b3,2017-05-30T12:31:45.000Z,43.42298,-1.60603,28.49,216,70b3d5499c3a7f7d,0x10,0x10,True,2978612991,-81,28,7,0x8d
19,70b3d5499d9565b3,2017-05-30T12:31:47.000Z,43.42296,-1.606065,29.49,217,70b3d5499c3a7f7d,0x72,0x72,True,2980682002,-74,24,7,0xa9
20,70b3d5499d9565b3,2017-05-30T12:31:49.000Z,43.42297,-1.606067,29.49,218,70b3d5499c3a7f7d,0x7e,0x7e,True,2982751023,-68,25,7,0x5
21,70b3d5499d9565b3,2017-05-30T12:31:51.000Z,43.42294,-1.606071,29.49,219,70b3d5499c3a7f7d,0x1c,0x1c,True,2984820023,-76,22,7,0x1b
22,70b3d5499d9565b3,2017-05-30T12:31:53.000Z,43.42294,-1.60607,28.49,220,70b3d5499c3a7f7d,0x37,0x37,True,2986889046,-81,27,7,0x5d
23,70b3d5499d9565b3,2017-05-30T12:31:55.000Z,43.42294,-1.606069,29.49,221,70b3d5499c3a7f7d,0x55,0x55,True,2988958053,-74,25,7,0xdc
24,70b3d5499d9565b3,2017-05-30T12:31:57.000Z,43.42294,-1.606069,29.49,222,70b3d5499c3a7f7d,0xf3,0xf3,True,2991027072,-76,21,7,0xf4
25,70b3d5499d9565b3,2017-05-30T12:31:59.000Z,43.42295,-1.606067,30.49,223,70b3d5499c3a7f7d,0x91,0x91,True,2993096085,-74,25,7,0x31
26,70b3d5499d9565b3,2017-05-30T12:32:02.000Z,43.42296,-1.606069,30.49,224,70b3d5499c3a7f7d,0xa6,0xa6,True,2995165098,-75,22,7,0xd5
27,70b3d5499d9565b3,2017-05-30T12:32:03.000Z,43.42296,-1.606068,30.49,225,70b3d5499c3a7f7d,0xc4,0xc4,True,2997234108,-68,24,7,0x5f
28,70b3d5499d9565b3,2017-05-30T12:32:06.000Z,43.42296,-1.606068,30.49,226,70b3d5499c3a7f7d,0x62,0x62,True,2999303123,-75,23,7,0xaf
29,70b3d5499d9565b3,2017-05-30T12:32:08.000Z,43.42295,-1.606073,30.49,227,70b3d5499c3a7f7,0x0,0x64,False,3001372093,-68,22,7,0x48
30,70b3d5499d9565b3,2017-05-30T12:32:10.000Z,43.42295,-1.606096,28.49,228,70b3d5499c3a7f7,0xc,0xc8,False,3003441105,-62,23,7,0xa6
31,70b3d5499d9565b3,2017-05-30T12:32:12.000Z,43.42294,-1.6061,28.49,229,70b3d5499c3a7f7d,0x6e,0x6e,True,3005511278,-60,28,7,0x18
32,70b3d5499d9565b3,2017-05-30T12:32:14.000Z,43.42294,-1.606105,28.49,230,70b3d5499c3a7f7d,0xee,0xee,True,3007580180,-59,29,7,0x98
33,70b3d5499d9565b3,2017-05-30T12:32:16.000Z,43.42294,-1.606109,28.49,231,70b3d5499c3a7f7d,0x8c,0x8c,True,3009649191,-58,25,7,0x4b
34,70b3d5499d9565b3,2017-05-30T12:32:18.000Z,43.42293,-1.60616,29.49,232,70b3d5499c3a7f7d,0x2a,0x2a,True,3011718202,-60,27,7,0x69
35,70b3d5499d9565b3,2017-05-30T12:32:20.000Z,43.42291,-1.606248,29.49,233,70b3d5499c3a7f7d,0x48,0x48,True,3013787220,-62,23,7,0x61
36,70b3d5499d9565b3,2017-05-30T12:32:22.000Z,43.42288,-1.606349,30.49,234,70b3d5499c3a7f7d,0x7f,0x7f,True,3015857231,-64,27,7,0x3d
37,70b3d5499d9565b3,2017-05-30T12:32:24.000Z,43.42284,-1.606457,30.49,235,70b3d5499c3a7f7d,0x1d,0x1d,True,3017926240,-78,28,7,0x1f
38,70b3d5499d9565b3,2017-05-30T12:32:26.000Z,43.42279,-1.606625,30.49,236,70b3d5499c3a7f7d,0xbb,0xbb,True,3019995257,-74,26,7,0x92
39,70b3d5499d9565b3,2017-05-30T12:32:28.000Z,43.42274,-1.606756,30.49,237,70b3d5499c3a7f7d,0xd9,0xd9,True,3022064272,-85,25,7,0xdc
40,70b3d5499d9565b3,2017-05-30T12:32:31.000Z,43.42267,-1.606963,31.49,238,70b3d5499c3a7f7d,0xd5,0xd5,True,3024133289,-84,28,7,0xbc
41,70b3d5499d9565b3,2017-05-30T12:32:32.000Z,43.42264,-1.607033,31.49,239,70b3d5499c3a7f7d,0xb7,0xb7,True,3026202294,-91,27,7,0xec
42,70b3d5499d9565b3,2017-05-30T12:32:34.000Z,43.4226,-1.607176,32.49,240,70b3d5499c3a7f7d,0xd3,0xd3,True,3028271305,-92,25,7,0xc6
43,70b3d5499d9565b3,2017-05-30T12:32:37.000Z,43.42251,-1.607396,33.49,241,70b3d5499c3a7f7d,0xb1,0xb1,True,3030340329,-93,27,7,0xd5
44,70b3d5499d9565b3,2017-05-30T12:32:39.000Z,43.42247,-1.607533,31.49,242,70b3d5499c3a7f7d,0x17,0x17,True,3032409345,-101,23,7,0xae
45,70b3d5499d9565b3,2017-05-30T12:32:41.000Z,43.4224,-1.607709,33.49,243,70b3d5499c3a7f7d,0x75,0x75,True,3034478352,-99,26,7,0x14
46,70b3d5499d9565b3,2017-05-30T12:32:43.000Z,43.42233,-1.607883,36.49,244,70b3d5499c3a7f7d,0x42,0x42,True,3036547365,-101,24,7,0xa3
47,70b3d5499d9565b3,2017-05-30T12:32:45.000Z,43.42227,-1.608028,37.49,245,70b3d5499c3a7f7d,0x20,0x20,True,3038616380,-100,26,7,0x48
48,70b3d5499d9565b3,2017-05-30T12:32:47.000Z,43.42218,-1.608158,36.49,246,70b3d5499c3a7f7d,0x86,0x86,True,3040685398,-99,25,7,0x7a
49,70b3d5499d9565b3,2017-05-30T12:32:49.000Z,43.42212,-1.608291,37.49,247,70b3d5499c3a7f7d,0xe4,0xe4,True,3042754403,-102,24,7,0xd7
50,70b3d5499d9565b3,2017-05-30T12:32:51.000Z,43.42207,-1.608429,37.49,248,70b3d5499c3a7f7d,0xe8,0xe8,True,3044823418,-119,-17,7,0x8d
51,70b3d5499d9565b3,2017-05-30T12:32:53.000Z,43.42202,-1.608486,37.49,249,70b3d5499c3a7f7d,0x8a,0x8a,True,3046892418,-112,8,7,0xd8
52,70b3d5499d9565b3,2017-05-30T12:32:55.000Z,43.42202,-1.608497,37.49,250,70b3d5499c3a7f7,0xa,0x9e,False,3048961401,-114,-2,7,0x90
53,70b3d5499d9565b3,2017-05-30T12:32:57.000Z,43.42202,-1.608497,37.49,251,70b3d5499c3a7f7d,0x68,0x68,True,3051030460,-111,15,7,0x3
54,70b3d5499d9565b3,2017-05-30T12:32:59.000Z,43.42202,-1.608497,38.49,252,70b3d5499c3a7f7d,0xce,0xce,True,3053099474,-123,-30,7,0x3e
55,70b3d5499d9565b3,2017-05-30T12:33:02.000Z,43.42202,-1.608518,38.49,253,70b3d5499c3a7f7d,0xac,0xac,True,3055168489,-109,15,7,0x28
56,70b3d5499d9565b3,2017-05-30T12:33:04.000Z,43.42205,-1.608612,41.49,254,70b3d5499c3a7f7d,0x9b,0x9b,True,3057237506,-103,22,7,0xd3
57,70b3d5499d9565b3,2017-05-30T12:33:05.000Z,43.42208,-1.608636,42.49,255,70b3d5499c3a7f7d,0xf9,0xf9,True,3059306514,-112,7,7,0x75
58,70b3d5499d9565b3,2017-05-30T12:33:10.000Z,43.42234,-1.608797,41.49,257,70b3d5499c3a7f7d,0x3d,0x3d,True,3063444538,-111,11,7,0x69
59,70b3d5499d9565b3,2017-05-30T12:33:12.000Z,43.42247,-1.608876,41.49,258,70b3d5499c3a7f7d,0x31,0x31,True,3065513553,-116,-8,7,0xa3
60,70b3d5499d9565b3,2017-05-30T12:33:14.000Z,43.4226,-1.608921,42.49,259,70b3d5499c3a7f7d,0x53,0x53,True,3067582569,-99,24,7,0x74
61,70b3d5499d9565b3,2017-05-30T12:33:16.000Z,43.42274,-1.608943,44.49,260,70b3d5499c3a7f7d,0x78,0x78,True,3069651580,-107,18,7,0x9f
62,70b3d5499d9565b3,2017-05-30T12:33:18.000Z,43.42288,-1.608965,43.49,261,70b3d5499c3a7f7d,0x1a,0x1a,True,3071720588,-96,25,7,0xdc
63,70b3d5499d9565b3,2017-05-30T12:33:20.000Z,43.423,-1.608954,42.49,262,70b3d5499c3a7f7d,0xbc,0xbc,True,3073789604,-109,16,7,0xd0
64,70b3d5499d9565b3,2017-05-30T12:33:22.000Z,43.42311,-1.60894,41.49,263,70b3d5499c3a7f7d,0xde,0xde,True,3075858611,-109,17,7,0x36
65,70b3d5499d9565b3,2017-05-30T12:33:24.000Z,43.42323,-1.608921,40.49,264,70b3d5499c3a7f7d,0xe9,0xe9,True,3077927632,-105,19,7,0x18
66,70b3d5499d9565b3,2017-05-30T12:33:26.000Z,43.42341,-1.60889,39.49,265,70b3d5499c3a7f7d,0x8b,0x8b,True,3079996644,-110,11,7,0xc7
67,70b3d5499d9565b3,2017-05-30T12:33:28.000Z,43.42353,-1.608895,38.49,266,70b3d5499c3a7f7d,0x2d,0x2d,True,3082065660,-110,9,7,0x29
68,70b3d5499d9565b3,2017-05-30T12:33:30.000Z,43.4237,-1.608953,37.49,267,70b3d5499c3a7f7d,0x4f,0x4f,True,3084134665,-111,5,7,0xa1
69,70b3d5499d9565b3,2017-05-30T12:33:32.000Z,43.4238,-1.608985,34.49,268,70b3d5499c3a7f7d,0x43,0x43,True,3086204680,-116,-15,7,0x4d
70,70b3d5499d9565b3,2017-05-30T12:33:35.000Z,43.42391,-1.609015,35.49,269,70b3d5499c3a7f7d,0x21,0x21,True,3088273691,-123,-31,7,0xa0
71,70b3d5499d9565b3,2017-05-30T12:33:37.000Z,43.42392,-1.609025,34.49,270,70b3d5499c3a7f7d,0xa1,0xa1,True,3090342714,-108,15,7,0x53
72,70b3d5499d9565b3,2017-05-30T12:33:39.000Z,43.42394,-1.609044,35.49,271,70b3d5499c3a7f7d,0xc3,0xc3,True,3092411718,-110,12,7,0x61
73,70b3d5499d9565b3,2017-05-30T12:33:41.000Z,43.42394,-1.60905,36.49,272,70b3d5499c3a7f7d,0x65,0x65,True,3094480743,-117,-13,7,0x90
74,70b3d5499d9565b3,2017-05-30T12:33:43.000Z,43.42399,-1.609052,37.49,273,70b3d5499c3a7f7,0x7,0x2b,False,3096549698,-109,14,7,0x14
75,70b3d5499d9565b3,2017-05-30T12:33:45.000Z,43.42407,-1.609046,37.49,274,70b3d5499c3a7f7d,0x30,0x30,True,3098618761,-105,22,7,0x52
76,70b3d5499d9565b3,2017-05-30T12:33:47.000Z,43.4242,-1.609063,37.49,275,70b3d5499c3a7f7d,0x52,0x52,True,3100687774,-105,19,7,0x88
77,70b3d5499d9565b3,2017-05-30T12:33:49.000Z,43.42432,-1.609062,36.49,276,70b3d5499c3a7f7d,0xf4,0xf4,True,3102756798,-105,21,7,0x55
78,70b3d5499d9565b3,2017-05-30T12:33:51.000Z,43.42445,-1.609064,35.49,277,70b3d5499c3a7f7d,0x96,0x96,True,3104825807,-104,22,7,0x45
79,70b3d5499d9565b3,2017-05-30T12:33:53.000Z,43.42454,-1.609054,34.49,278,70b3d5499c3a7f7d,0x9a,0x9a,True,3106894812,-94,28,7,0x1
80,70b3d5499d9565b3,2017-05-30T12:33:55.000Z,43.42466,-1.609056,34.49,279,70b3d5499c3a7f7d,0xf8,0xf8,True,3108963828,-101,24,7,0x1b
81,70b3d5499d9565b3,2017-05-30T12:33:59.000Z,43.42488,-1.609013,35.49,281,70b3d5499c3a7f7d,0x60,0x60,True,3113101858,-107,20,7,0x6c
82,70b3d5499d9565b3,2017-05-30T12:34:02.000Z,43.42506,-1.608985,38.49,282,70b3d5499c3a7f7d,0xc6,0xc6,True,3115170876,-105,20,7,0x72
83,70b3d5499d9565b3,2017-05-30T12:34:03.000Z,43.42511,-1.608951,38.49,283,70b3d5499c3a7f7d,0xa4,0xa4,True,3117239875,-111,8,7,0x9d
84,70b3d5499d9565b3,2017-05-30T12:34:06.000Z,43.42526,-1.608923,38.49,284,70b3d5499c3a7f7d,0x93,0x93,True,3119308900,-117,-14,7,0x88
85,70b3d5499d9565b3,2017-05-30T12:34:10.000Z,43.4253,-1.609039,37.49,286,70b3d54l<c3a7f7d,0x57,0x67,False,3123449927,-120,-24,7,0x20
86,70b3d5499d9565b3,2017-05-30T12:34:12.000Z,43.42528,-1.609152,32.49,287,70b3d5499c3a7f7d,0x35,0x35,True,3125518935,-122,-27,7,0x58
87,70b3d5499d9565b3,2017-05-30T12:34:14.000Z,43.42529,-1.609294,30.49,288,70b3d5499c3a7f7d,0x39,0x39,True,3127587953,-114,-4,7,0x55
88,70b3d5499d9565b3,2017-05-30T12:34:16.000Z,43.42529,-1.609449,30.49,289,70b3d5499c3a7f7d,0x5b,0x5b,True,3129656973,-117,-11,7,0xe3
89,70b3d5499d9565b3,2017-05-30T12:34:20.000Z,43.42524,-1.609716,27.49,291,70b3d5499c3a7f7d,0xb9,0xb9,True,3133794993,-122,-26,7,0xb4
90,70b3d5499d9565b3,2017-05-30T12:34:32.000Z,43.42513,-1.61001,25.49,297,70b3d5499c3a7f7d,0xec,0xec,True,3146210075,-123,-30,7,0xa4
91,70b3d5499d9565b3,2017-05-30T12:34:45.000Z,43.42485,-1.610542,28.49,303,70b3d5499c3a7ÖÖ–,SBc;,0x34,False,3158625147,-126,-42,7,0x76
92,70b3d5499d9565b3,2017-05-30T12:34:55.000Z,43.42445,-1.611184,34.49,308,70b3d5499c3a7f7d,0x6c,0x6c,True,3168970216,-119,-18,7,0xc
93,70b3d5499d9565b3,2017-05-30T12:34:59.000Z,43.42425,-1.611421,33.49,310,70b3d5499c3a7f7d,0x8e,0x8e,True,3173108246,-124,-34,7,0x8
94,70b3d5499d9565b3,2017-05-30T12:35:14.000Z,43.42412,-1.61149,36.49,317,70b3d5499c3a7f7d,0xb9,0xb9,True,3187590333,-108,14,7,0xd7
95,70b3d5499d9565b3,2017-05-30T12:35:16.000Z,43.42407,-1.611444,35.49,318,70b3d5499c3a7f7d,0xb5,0xb5,True,3189659353,-119,-20,7,0x37
96,70b3d5499d9565b3,2017-05-30T12:35:18.000Z,43.42401,-1.611349,35.49,319,70b3d5499c3a7f7d,0xd7,0xd7,True,3191728360,-116,-11,7,0x85
97,70b3d5499d9565b3,2017-05-30T12:35:20.000Z,43.42389,-1.611212,34.49,320,70b3d5499c3a7f7d,0xfc,0xfc,True,3193797376,-118,-17,7,0xf1
98,70b3d5499d9565b3,2017-05-30T12:35:24.000Z,43.42372,-1.610932,38.49,322,70b3d5499c3a7f7d,0x38,0x38,True,3197935408,-118,-16,7,0xd8
99,70b3d5499d9565b3,2017-05-30T12:35:26.000Z,43.42362,-1.610822,39.49,323,70b3d5499c3a7f7d,0x5a,0x5a,True,3200004417,-116,-11,7,0x35
100,70b3d5499d9565b3,2017-05-30T12:35:28.000Z,43.42357,-1.61073,40.49,324,70b3d5499c3a7f7d,0x6d,0x6d,True,3202073435,-102,25,7,0x2d
101,70b3d5499d9565b3,2017-05-30T12:35:30.000Z,43.4235,-1.610631,43.49,325,70b3d5499c3a7f7,0xf,0xe3,False,3204142404,-112,1,7,0x27
102,70b3d5499d9565b3,2017-05-30T12:35:33.000Z,43.42334,-1.610497,43.49,326,70b3d5499c3a7f7d,0xa9,0xa9,True,3206211462,-110,8,7,0xc8
103,70b3d5499d9565b3,2017-05-30T12:35:34.000Z,43.42329,-1.610458,43.49,327,70b3d5499c3a7f7d,0xcb,0xcb,True,3208280470,-108,18,7,0x5d
104,70b3d5499d9565b3,2017-05-30T12:35:37.000Z,43.42323,-1.610405,44.49,328,70b3d5499c3a7f7d,0xc7,0xc7,True,3210349483,-107,19,7,0xd2
105,70b3d5499d9565b3,2017-05-30T12:35:39.000Z,43.42321,-1.61041,44.49,329,70b3d5499c3a7f7d,0xa5,0xa5,True,3212419494,-102,24,7,0x9c
106,70b3d5499d9565b3,2017-05-30T12:35:43.000Z,43.42313,-1.610372,42.49,331,70b3d5499c3a7f7d,0x47,0x47,True,3216557786,-105,19,7,0xf3
107,70b3d5499d9565b3,2017-05-30T12:35:45.000Z,43.42308,-1.610326,43.49,332,70b3d5499c3a7f7d,0xe1,0xe1,True,3218626537,-108,11,7,0xce
108,70b3d5499d9565b3,2017-05-30T12:35:49.000Z,43.42292,-1.610189,44.49,334,70b3d5499c3a7¦û¤,0xb4,0xd4,False,3222764570,-120,-20,7,0xd6
109,70b3d5499d9565b3,2017-05-30T12:35:51.000Z,43.42281,-1.610084,43.49,335,70b3d5499c3a7f7d,0xd6,0xd6,True,3224833577,-109,15,7,0x68
