0,70b3d54993208829,2017-05-19T08:52:51.000Z,45.70369,13.72006,59.45,9,70b3d5499ea1e804,0xbf,0xbf,True,416811890,-40,28,7,0x60
1,70b3d54993208829,2017-05-19T08:52:52.000Z,45.70369,13.72006,59.45,10,70b3d5499ea1e804,0x50,0x50,True,418880913,-39,28,7,0x43
2,70b3d54993208829,2017-05-19T08:52:53.000Z,45.70369,13.72006,59.45,68,70b3d5499ea1e804,0x56,0x56,True,418880913,-39,28,7,0xcc
3,70b3d54993208829,2017-05-19T08:52:54.000Z,45.70369,13.72006,59.45,69,70b3d5499ea1e804,0x34,0x34,True,420949938,-43,28,7,0x2d
4,70b3d54993208829,2017-05-19T08:52:56.000Z,45.70369,13.72006,59.45,70,70b3d5499ea1e804,0xb4,0xb4,True,423018961,-37,26,7,0xdf
5,70b3d54993208829,2017-05-19T08:52:59.000Z,45.70369,13.72006,59.45,71,70b3d5499ea1e804,0xd6,0xd6,True,425087988,-42,28,7,0x90
6,70b3d54993208829,2017-05-19T08:53:00.000Z,45.70369,13.72006,59.45,72,70b3d5499ea1e804,0x70,0x70,True,427157013,-47,25,7,0x9c
7,70b3d54993208829,2017-05-19T08:53:03.000Z,45.70369,13.72006,59.45,73,70b3d5499ea1e804,0x12,0x12,True,429226034,-37,27,7,0x13
8,70b3d54993208829,2017-05-19T08:53:04.000Z,45.70369,13.72006,59.45,74,70b3d5499ea1e804,0x25,0x25,True,431295064,-43,27,7,0x30
9,70b3d54993208829,2017-05-19T08:53:07.000Z,45.70369,13.72006,59.45,75,70b3d5499ea1e804,0x47,0x47,True,433364079,-41,25,7,0xc1
10,70b3d54993208829,2017-05-19T08:53:09.000Z,45.70369,13.72006,59.45,76,70b3d5499ea1e804,0xe1,0xe1,True,435433099,-43,27,7,0x27
11,70b3d54993208829,2017-05-19T08:53:11.000Z,45.70369,13.72006,59.45,77,70b3d5499ea1e804,0x83,0x83,True,437502120,-45,27,7,0xab
12,70b3d54993208829,2017-05-19T08:53:13.000Z,45.70369,13.72006,59.45,78,70b3d5499ea1e804,0x8f,0x8f,True,439571135,-37,27,7,0xb
13,70b3d54993208829,2017-05-19T08:53:15.000Z,45.70369,13.72006,59.45,79,70b3d5499ea1e804,0xed,0xed,True,441640168,-37,29,7,0x95
14,70b3d54993208829,2017-05-19T08:53:17.000Z,45.70369,13.72006,59.45,80,70b3d5499ea1e804,0x17,0x17,True,443709196,-41,30,7,0xf9
15,70b3d54993208829,2017-05-19T08:53:19.000Z,45.70369,13.72006,59.45,81,70b3d5499ea1e804,0x75,0x75,True,445778213,-36,29,7,0x7f
16,70b3d54993208829,2017-05-19T08:53:21.000Z,45.70369,13.72006,59.45,82,70b3d5499ea1e804,0xd3,0xd3,True,447847232,-33,28,7,0xcc
17,70b3d54993208829,2017-05-19T08:53:23.000Z,45.70369,13.72006,59.45,83,70b3d5499ea1e804,0xb1,0xb1,True,449916259,-33,28,7,0x8a
18,70b3d54993208829,2017-05-19T08:53:25.000Z,45.70369,13.72006,59.45,84,70b3d5499ea1e804,0x86,0x86,True,451985276,-43,27,7,0x7e
19,70b3d54993208829,2017-05-19T08:53:27.000Z,45.70369,13.72006,59.45,85,70b3d5499ea1e804,0xe4,0xe4,True,454054302,-42,27,7,0x43
20,70b3d54993208829,2017-05-19T08:53:29.000Z,45.70369,13.72006,59.45,86,70b3d5499ea1e804,0x42,0x42,True,456123322,-43,27,7,0x50
21,70b3d54993208829,2017-05-19T08:53:31.000Z,45.70369,13.72006,59.45,87,70b3d5499ea1e804,0x20,0x20,True,458192352,-40,28,7,0x8d
22,70b3d54993208829,2017-05-19T08:53:34.000Z,45.70369,13.72006,59.45,88,70b3d5499ea1e804,0x2c,0x2c,True,460261373,-41,27,7,0x44
23,70b3d54993208829,2017-05-19T08:53:36.000Z,45.70369,13.72006,59.45,89,70b3d5499ea1e804,0x4e,0x4e,True,462330403,-39,28,7,0xf9
24,70b3d54993208829,2017-05-19T08:53:38.000Z,45.70369,13.72006,59.45,90,70b3d5499ea1e804,0xce,0xce,True,464399416,-37,26,7,0x6c
25,70b3d54993208829,2017-05-19T08:53:40.000Z,45.70369,13.72006,59.45,91,70b3d5499ea1e804,0xac,0xac,True,466468436,-37,30,7,0x26
26,70b3d54993208829,2017-05-19T08:53:42.000Z,45.70369,13.72006,59.45,92,70b3d5499ea1e80,0xa,0xce,False,468538422,-39,29,7,0x21
27,70b3d54993208829,2017-05-19T08:53:44.000Z,45.70369,13.72006,59.45,93,70b3d5499ea1e804,0x68,0x68,True,470607486,-39,27,7,0x50
28,70b3d54993208829,2017-05-19T08:53:46.000Z,45.70369,13.72006,59.45,94,70b3d5499ea1e804,0x5f,0x5f,True,472676501,-39,29,7,0x1c
29,70b3d54993208829,2017-05-19T08:53:48.000Z,45.70369,13.72006,59.45,95,70b3d5499ea1e804,0x3d,0x3d,True,474745533,-36,30,7,0x97
30,70b3d54993208829,2017-05-19T08:53:50.000Z,45.70369,13.72006,59.45,96,70b3d5499ea1e804,0x9b,0x9b,True,476814549,-37,27,7,0xd7
31,70b3d54993208829,2017-05-19T08:53:52.000Z,45.70369,13.72006,59.45,97,70b3d5499ea1e804,0xf9,0xf9,True,478883570,-37,27,7,0xb9
32,70b3d54993208829,2017-05-19T08:53:54.000Z,45.70369,13.72006,59.45,98,70b3d5499ea1e804,0xf5,0xf5,True,480952595,-37,28,7,0x3f
33,70b3d54993208829,2017-05-19T08:53:56.000Z,45.70369,13.72006,59.45,99,70b3d5499ea1e804,0x97,0x97,True,483021619,-36,28,7,0x28
34,70b3d54993208829,2017-05-19T08:53:59.000Z,45.70369,13.72006,59.45,100,70b3d5499ea1e804,0x66,0x66,True,485090675,-37,27,7,0xae
35,70b3d54993208829,2017-05-19T08:54:00.000Z,45.70369,13.72006,59.45,101,70b3d5499ea1e80,0x4,0x50,False,487159658,-37,28,7,0xd7
36,70b3d54993208829,2017-05-19T08:54:02.000Z,45.70369,13.72006,59.45,102,70b3d5499ea1e804,0xa2,0xa2,True,489228716,-37,30,7,0xc1
37,70b3d54993208829,2017-05-19T08:54:05.000Z,45.70369,13.72006,59.45,103,70b3d5499ea1e804,0xc0,0xc0,True,491297755,-39,27,7,0xef
38,70b3d54993208829,2017-05-19T08:54:07.000Z,45.70369,13.72006,59.45,104,70b3d5499ea1e804,0xf7,0xf7,True,493366769,-39,26,7,0xa4
39,70b3d54993208829,2017-05-19T08:54:08.000Z,45.70369,13.72006,59.45,105,70b3d5499ea1e804,0x95,0x95,True,495435795,-39,28,7,0x3b
40,70b3d54993208829,2017-05-19T08:54:08.000Z,45.70369,13.72006,59.45,106,70b3d5499ea1e804,0x33,0x33,True,497504816,-39,27,7,0x42
41,70b3d54993208829,2017-05-19T08:54:13.000Z,45.70369,13.72006,59.45,107,70b3d5499ea1e804,0x51,0x51,True,499573839,-40,27,7,0x58
42,70b3d54993208829,2017-05-19T08:54:15.000Z,45.70369,13.72006,59.45,108,70b3d5499ea1e804,0x5d,0x5d,True,501642866,-37,27,7,0x55
43,70b3d54993208829,2017-05-19T08:54:17.000Z,45.70369,13.72006,59.45,109,70b3d5499ea1e804,0x3f,0x3f,True,503711887,-39,26,7,0xb6
44,70b3d54993208829,2017-05-19T08:54:19.000Z,45.70369,13.72006,59.45,110,70b3d5499ea1e804,0xbf,0xbf,True,505780908,-37,30,7,0xfd
45,70b3d54993208829,2017-05-19T08:54:21.000Z,45.70369,13.72006,59.45,111,70b3d5499ea1e804,0xdd,0xdd,True,507849925,-39,26,7,0x73
46,70b3d54993208829,2017-05-19T08:54:23.000Z,45.70369,13.72006,59.45,112,70b3d5499ea1e804,0x7b,0x7b,True,509918957,-39,28,7,0x9a
47,70b3d54993208829,2017-05-19T08:54:25.000Z,45.70369,13.72006,59.45,113,70b3d5499ea1e804,0x19,0x19,True,511987966,-39,26,7,0xbd
48,70b3d54993208829,2017-05-19T08:54:27.000Z,45.70369,13.72006,59.45,114,70b3d5499ea1e804,0x2e,0x2e,True,514056997,-39,29,7,0x73
49,70b3d54993208829,2017-05-19T08:54:30.000Z,45.70369,13.72006,59.45,115,70b3d5499ea1e804,0x4c,0x4c,True,516126020,-39,27,7,0xa4
50,70b3d54993208829,2017-05-19T08:54:31.000Z,45.70369,13.72006,59.45,116,70b3d5499ea1e804,0xea,0xea,True,518195045,-39,27,7,0x85
51,70b3d54993208829,2017-05-19T08:54:34.000Z,45.70369,13.72006,59.45,117,70b3d5499ea1e804,0x88,0x88,True,520264059,-40,26,7,0x6a
52,70b3d54993208829,2017-05-19T08:54:36.000Z,45.70369,13.72006,59.45,118,70b3d5499ea1e804,0x84,0x84,True,522333091,-39,29,7,0x2d
53,70b3d54993208829,2017-05-19T08:54:38.000Z,45.70369,13.72006,59.45,119,70b3d5499ea1e804,0xe6,0xe6,True,524401106,-39,30,7,0x2e
54,70b3d54993208829,2017-05-19T08:54:40.000Z,45.70369,13.72006,59.45,120,70b3d5499ea1e804,0xcd,0xcd,True,526469129,-40,27,7,0x67
55,70b3d54993208829,2017-05-19T08:54:42.000Z,45.70369,13.72006,59.45,121,70b3d5499ea1e804,0xaf,0xaf,True,528538154,-39,27,7,0xca
56,70b3d54993208829,2017-05-19T08:54:44.000Z,45.70369,13.72006,59.45,122,70b3d5499ea1e80,0x9,0xe5,False,530607136,-39,28,7,0x48
57,70b3d54993208829,2017-05-19T08:54:46.000Z,45.70369,13.72006,59.45,123,70b3d5499ea1e804,0x6b,0x6b,True,532676199,-39,29,7,0x74
58,70b3d54993208829,2017-05-19T08:54:48.000Z,45.70369,13.72006,59.45,124,70b3d5499ea1e804,0x5c,0x5c,True,534744224,-39,26,7,0xe8
59,70b3d54993208829,2017-05-19T08:54:50.000Z,45.70369,13.72006,59.45,125,70b3d5499ea1e804,0x3e,0x3e,True,536813238,-40,28,7,0x49
60,70b3d54993208829,2017-05-19T08:54:52.000Z,45.70369,13.72006,59.45,126,70b3d5499ea1e804,0x98,0x98,True,538882423,-39,28,7,0xb9
61,70b3d54993208829,2017-05-19T08:54:54.000Z,45.70369,13.72006,59.45,127,70b3d5499ea1e804,0xfa,0xfa,True,540951285,-39,29,7,0x3f
62,70b3d54993208829,2017-05-19T08:54:56.000Z,45.70369,13.72006,59.45,128,70b3d5499ea1e804,0xf6,0xf6,True,543020310,-39,28,7,0xb3
63,70b3d54993208829,2017-05-19T08:54:58.000Z,45.70369,13.72006,59.45,129,70b3d5499ea1e804,0x94,0x94,True,545089335,-39,28,7,0xc1
64,70b3d54993208829,2017-05-19T08:55:00.000Z,45.70369,13.72006,59.45,130,70b3d5499ea1e804,0x14,0x14,True,547158359,-40,28,7,0x3a
65,70b3d54993208829,2017-05-19T08:55:02.000Z,45.70369,13.72006,59.45,131,70b3d5499ea1e804,0x76,0x76,True,549228366,-39,27,7,0x48
66,70b3d54993208829,2017-05-19T08:55:05.000Z,45.70369,13.72006,59.45,132,70b3d5499ea1e804,0xd0,0xd0,True,551297404,-39,28,7,0x48
67,70b3d54993208829,2017-05-19T08:55:07.000Z,45.70369,13.72006,59.45,133,70b3d5499ea1e804,0xb2,0xb2,True,553366427,-39,28,7,0x61
68,70b3d54993208829,2017-05-19T08:55:09.000Z,45.70369,13.72006,59.45,134,70b3d5499ea1e804,0x85,0x85,True,555435443,-39,28,7,0x16
69,70b3d54993208829,2017-05-19T08:55:11.000Z,45.70369,13.72006,59.45,135,70b3d5499ea1e804,0xe7,0xe7,True,557504466,-39,26,7,0x50
70,70b3d54993208829,2017-05-19T08:55:13.000Z,45.70369,13.72006,59.45,136,70b3d5499ea1e804,0x41,0x41,True,559573490,-39,29,7,0xda
71,70b3d54993208829,2017-05-19T08:55:15.000Z,45.70369,13.72006,59.45,137,70b3d5499ea1e804,0x23,0x23,True,561642520,-39,29,7,0xe9
72,70b3d54993208829,2017-05-19T08:55:17.000Z,45.70369,13.72006,59.45,138,70b3d5499ea1e804,0x2f,0x2f,True,563711537,-39,27,7,0x46
73,70b3d54993208829,2017-05-19T08:55:19.000Z,45.70369,13.72006,59.45,139,70b3d5499ea1e804,0x4d,0x4d,True,565780561,-39,26,7,0xa9
74,70b3d54993208829,2017-05-19T08:55:21.000Z,45.70369,13.72006,59.45,140,70b3d5499ea1e804,0x29,0x29,True,567849582,-39,28,7,0xeb
75,70b3d54993208829,2017-05-19T08:55:23.000Z,45.70369,13.72006,59.45,141,70b3d5499ea1e804,0x4b,0x4b,True,569918606,-40,27,7,0xd0
76,70b3d54993208829,2017-05-19T08:55:25.000Z,45.70369,13.72006,59.45,142,70b3d5499ea1e804,0xed,0xed,True,571987622,-40,28,7,0x8f
77,70b3d54993208829,2017-05-19T08:55:27.000Z,45.70369,13.72006,59.45,143,70b3d5499ea1e804,0x8f,0x8f,True,574056647,-39,30,7,0x68
78,70b3d54993208829,2017-05-19T08:55:30.000Z,45.70369,13.72006,59.45,144,70b3d5499ea1e804,0xb8,0xb8,True,576125670,-39,29,7,0x49
79,70b3d54993208829,2017-05-19T08:55:32.000Z,45.70369,13.72006,59.45,145,70b3d5499ea1e804,0xda,0xda,True,578194693,-39,27,7,0x49
80,70b3d54993208829,2017-05-19T08:55:34.000Z,45.70369,13.72006,59.45,146,70b3d5499ea1e804,0x7c,0x7c,True,580267711,-39,26,7,0x41
81,70b3d54993208829,2017-05-19T08:55:36.000Z,45.70369,13.72006,59.45,147,70b3d5499ea1e804,0x1e,0x1e,True,582336741,-39,25,7,0xf6
82,70b3d54993208829,2017-05-19T08:55:38.000Z,45.70369,13.72006,59.45,148,70b3d5499ea1e804,0x12,0x12,True,584405761,-39,28,7,0x9
83,70b3d54993208829,2017-05-19T08:55:40.000Z,45.70369,13.72006,59.45,149,70b3d5499ea1e804,0x70,0x70,True,586474787,-39,28,7,0x4e
84,70b3d54993208829,2017-05-19T08:55:42.000Z,45.70369,13.72006,59.45,150,70b3d5499ea1e804,0xf0,0xf0,True,588543803,-39,28,7,0xb8
85,70b3d54993208829,2017-05-19T08:55:44.000Z,45.70369,13.72006,59.45,151,70b3d5499ea1e804,0x92,0x92,True,590612828,-39,27,7,0x19
86,70b3d54993208829,2017-05-19T08:55:46.000Z,45.70369,13.72006,59.45,152,70b3d5499ea1e804,0x34,0x34,True,592681849,-39,30,7,0x22
87,70b3d54993208829,2017-05-19T08:55:48.000Z,45.70369,13.72006,59.45,153,70b3d5499ea1e804,0x56,0x56,True,594750873,-40,33,7,0x6e
88,70b3d54993208829,2017-05-19T08:55:50.000Z,45.70369,13.72006,59.45,154,70b3d5499ea1e804,0x61,0x61,True,596819890,-40,30,7,0x4a
89,70b3d54993208829,2017-05-19T08:55:52.000Z,45.70369,13.72006,59.45,155,70b3d5499ea1e80,0x3,0x1f,False,598888880,-39,27,7,0x3f
90,70b3d54993208829,2017-05-19T08:55:54.000Z,45.70369,13.72006,59.45,156,70b3d5499ea1e804,0xa5,0xa5,True,600957935,-40,28,7,0xba
91,70b3d54993208829,2017-05-19T08:55:56.000Z,45.70369,13.72006,59.45,157,70b3d5499ea1e804,0xc7,0xc7,True,603026967,-40,28,7,0x49
92,70b3d54993208829,2017-05-19T08:55:58.000Z,45.70369,13.72006,59.45,158,70b3d5499ea1e804,0xcb,0xcb,True,605095981,-40,26,7,0x1f
93,70b3d54993208829,2017-05-19T08:56:00.000Z,45.70369,13.72006,59.45,159,70b3d5499ea1e804,0xa9,0xa9,True,607165003,-39,28,7,0x69
94,70b3d54993208829,2017-05-19T08:56:02.000Z,45.70369,13.72006,59.45,160,70b3d5499ea1e804,0x82,0x82,True,609234029,-40,28,7,0xaf
95,70b3d54993208829,2017-05-19T08:56:05.000Z,45.70369,13.72006,59.45,161,70b3d5499ea1e804,0xe0,0xe0,True,611303054,-39,29,7,0x4
96,70b3d54993208829,2017-05-19T08:56:07.000Z,45.70369,13.72006,59.45,162,70b3d5499ea1e804,0x46,0x46,True,613372077,-39,26,7,0xb2
97,70b3d54993208829,2017-05-19T08:56:08.000Z,45.70369,13.72006,59.45,163,70b3d5499ea1e804,0x24,0x24,True,615441100,-39,29,7,0xc0
98,70b3d54993208829,2017-05-19T08:56:08.000Z,45.70369,13.72006,59.45,164,70b3d5499ea1e804,0x13,0x13,True,617510117,-37,31,7,0xef
99,70b3d54993208829,2017-05-19T08:56:13.000Z,45.70369,13.72006,59.45,165,70b3d5499ea1e804,0x71,0x71,True,619580140,-39,27,7,0x6d
100,70b3d54993208829,2017-05-19T08:56:15.000Z,45.70369,13.72006,59.45,166,70b3d5499ea1e804,0xd7,0xd7,True,621649162,-36,28,7,0xb0
101,70b3d54993208829,2017-05-19T08:56:17.000Z,45.70369,13.72006,59.45,167,70b3d5499ea1e804,0xb5,0xb5,True,623718196,-36,29,7,0x1f
102,70b3d54993208829,2017-05-19T08:56:19.000Z,45.70369,13.72006,59.45,168,70b3d5499ea1e804,0xb9,0xb9,True,625787210,-35,27,7,0x35
103,70b3d54993208829,2017-05-19T08:56:21.000Z,45.70369,13.72006,59.45,169,70b3d5499ea1e804,0xdb,0xdb,True,627856226,-36,29,7,0x68
104,70b3d54993208829,2017-05-19T08:56:23.000Z,45.70369,13.72006,59.45,170,70b3d5499ea1e804,0x5b,0x5b,True,629925257,-35,28,7,0x22
105,70b3d54993208829,2017-05-19T08:56:25.000Z,45.70369,13.72006,59.45,171,70b3d5499ea1e804,0x39,0x39,True,631994265,-35,27,7,0x1
106,70b3d54993208829,2017-05-19T08:56:27.000Z,45.70369,13.72006,59.45,172,70b3d5499ea1e804,0x9f,0x9f,True,634063304,-35,29,7,0x9c
107,70b3d54993208829,2017-05-19T08:56:29.000Z,45.70369,13.72006,59.45,173,70b3d5499ea1e804,0xfd,0xfd,True,636132319,-35,28,7,0x7f
108,70b3d54993208829,2017-05-19T08:56:31.000Z,45.70369,13.72006,59.45,174,70b3d5499ea1e804,0xca,0xca,True,638201343,-41,30,7,0xd6
109,70b3d54993208829,2017-05-19T08:56:34.000Z,45.70369,13.72006,59.45,175,70b3d5499ea1e804,0xa8,0xa8,True,640270367,-40,29,7,0x1a
110,70b3d54993208829,2017-05-19T08:56:36.000Z,45.70369,13.72006,59.45,176,70b3d5499ea1e80,0xe,0xaa,False,642339350,-39,30,7,0xf
111,70b3d54993208829,2017-05-19T08:56:38.000Z,45.70369,13.72006,59.45,177,70b3d5499ea1e804,0x6c,0x6c,True,644408414,-40,24,7,0x22
112,70b3d54993208829,2017-05-19T08:56:40.000Z,45.70369,13.72006,59.45,178,70b3d5499ea1e804,0x60,0x60,True,646477439,-40,26,7,0x8a
113,70b3d54993208829,2017-05-19T08:56:42.000Z,45.70369,13.72006,59.45,179,70b3d5499ea1e80,0x2,0x6,False,648546413,-40,29,7,0x1e
114,70b3d54993208829,2017-05-19T08:56:44.000Z,45.70369,13.72006,59.45,180,70b3d5499ea1e804,0xf8,0xf8,True,650615486,-40,27,7,0x50
115,70b3d54993208829,2017-05-19T08:56:46.000Z,45.70369,13.72006,59.45,181,70b3d5499ea1e804,0x9a,0x9a,True,652684507,-39,26,7,0x0
116,70b3d54993208829,2017-05-19T08:56:48.000Z,45.70369,13.72006,59.45,182,70b3d5499ea1e804,0x3c,0x3c,True,654753523,-39,27,7,0x91
117,70b3d54993208829,2017-05-19T08:56:50.000Z,45.70369,13.72006,59.45,183,70b3d5499ea1e804,0x5e,0x5e,True,656822546,-39,30,7,0x44
118,70b3d54993208829,2017-05-19T08:56:52.000Z,45.70369,13.72006,59.45,184,70b3d5499ea1e804,0x69,0x69,True,658891564,-39,28,7,0xb2
119,70b3d54993208829,2017-05-19T08:56:54.000Z,45.70369,13.72006,59.45,185,70b3d5499ea1e80,0xb,0xd7,False,660960546,-40,28,7,0x63
120,70b3d54993208829,2017-05-19T08:56:56.000Z,45.70369,13.72006,59.45,186,70b3d5499ea1e804,0xad,0xad,True,663029617,-40,26,7,0xc3
121,70b3d54993208829,2017-05-19T08:56:58.000Z,45.70369,13.72006,59.45,187,70b3d5499ea1e804,0xcf,0xcf,True,665098632,-39,28,7,0xc0
122,70b3d54993208829,2017-05-19T08:57:01.000Z,45.70369,13.72006,59.45,188,70b3d5499ea1e804,0xc3,0xc3,True,667168656,-39,28,7,0xd4
123,70b3d54993208829,2017-05-19T08:57:03.000Z,45.70369,13.72006,59.45,189,70b3d5499ea1e804,0xa1,0xa1,True,669237680,-39,29,7,0x72
124,70b3d54993208829,2017-05-19T08:57:05.000Z,45.70369,13.72006,59.45,190,70b3d5499ea1e804,0x21,0x21,True,671306712,-39,28,7,0x43
125,70b3d54993208829,2017-05-19T08:57:07.000Z,45.70369,13.72006,59.45,191,70b3d5499ea1e804,0x43,0x43,True,673375729,-39,27,7,0x68
126,70b3d54993208829,2017-05-19T08:57:09.000Z,45.70369,13.72006,59.45,192,70b3d5499ea1e804,0xe5,0xe5,True,675444752,-39,25,7,0x98
127,70b3d54993208829,2017-05-19T08:57:11.000Z,45.70369,13.72006,59.45,193,70b3d5499ea1e804,0x87,0x87,True,677513774,-37,27,7,0x2c
128,70b3d54993208829,2017-05-19T08:57:13.000Z,45.70369,13.72006,59.45,194,70b3d5499ea1e804,0xb0,0xb0,True,679582800,-36,27,7,0x21
129,70b3d54993208829,2017-05-19T08:57:15.000Z,45.70369,13.72006,59.45,195,70b3d5499ea1e804,0xd2,0xd2,True,681651814,-36,25,7,0x70
130,70b3d54993208829,2017-05-19T08:57:17.000Z,45.70369,13.72006,59.45,196,70b3d5499ea1e804,0x74,0x74,True,683720846,-37,28,7,0xed
131,70b3d54993208829,2017-05-19T08:57:19.000Z,45.70369,13.72006,59.45,197,70b3d5499ea1e804,0x16,0x16,True,685789858,-37,32,7,0x24
132,70b3d54993208829,2017-05-19T08:57:21.000Z,45.70369,13.72006,59.45,198,70b3d5499ea1e804,0x1a,0x1a,True,687858887,-37,30,7,0x5a
133,70b3d54993208829,2017-05-19T08:57:23.000Z,45.70369,13.72006,59.45,199,70b3d5499ea1e804,0x78,0x78,True,689928906,-37,27,7,0x94
134,70b3d54993208829,2017-05-19T08:57:25.000Z,45.70369,13.72006,59.45,200,70b3d5499ea1e804,0x22,0x22,True,691997922,-37,28,7,0x8c
135,70b3d54993208829,2017-05-19T08:57:27.000Z,45.70369,13.72006,59.45,201,70b3d5499ea1e804,0x40,0x40,True,694066954,-37,25,7,0x29
136,70b3d54993208829,2017-05-19T08:57:29.000Z,45.70369,13.72006,59.45,202,70b3d5499ea1e804,0xe6,0xe6,True,696135977,-36,25,7,0xbb
137,70b3d54993208829,2017-05-19T08:57:32.000Z,45.70369,13.72006,59.45,203,70b3d5499ea1e804,0x84,0x84,True,698205000,-36,27,7,0x28
138,70b3d54993208829,2017-05-19T08:57:34.000Z,45.70369,13.72006,59.45,204,70b3d5499ea1e804,0xb3,0xb3,True,700274019,-37,26,7,0xdb
139,70b3d54993208829,2017-05-19T08:57:38.000Z,45.70369,13.72006,59.45,206,70b3d5499ea1e804,0x77,0x77,True,704412064,-39,28,7,0x9e
140,70b3d54993208829,2017-05-19T08:57:40.000Z,45.70369,13.72006,59.45,207,70b3d5499ea1e804,0x15,0x15,True,706481086,-37,27,7,0xa7
141,70b3d54993208829,2017-05-19T08:57:42.000Z,45.70369,13.72006,59.45,208,70b3d5499ea1e804,0x19,0x19,True,708550104,-37,28,7,0x88
142,70b3d54993208829,2017-05-19T08:57:44.000Z,45.70369,13.72006,59.45,209,70b3d5499ea1e804,0x7b,0x7b,True,710619134,-37,27,7,0x30
143,70b3d54993208829,2017-05-19T08:57:46.000Z,45.70369,13.72006,59.45,210,70b3d5499ea1e804,0xfb,0xfb,True,712688157,-37,29,7,0xed
144,70b3d54993208829,2017-05-19T08:57:48.000Z,45.70369,13.72006,59.45,211,70b3d5499ea1e804,0x99,0x99,True,714757173,-37,26,7,0xd0
145,70b3d54993208829,2017-05-19T08:57:50.000Z,45.70369,13.72006,59.45,212,70b3d5499ea1e804,0x3f,0x3f,True,716826197,-36,26,7,0x41
146,70b3d54993208829,2017-05-19T08:57:52.000Z,45.70369,13.72006,59.45,213,70b3d5499ea1e804,0x5d,0x5d,True,718895219,-36,27,7,0xd3
147,70b3d54993208829,2017-05-19T08:57:54.000Z,45.70369,13.72006,59.45,214,70b3d5499ea1e804,0x6a,0x6a,True,720964243,-37,27,7,0xa2
148,70b3d54993208829,2017-05-19T08:57:56.000Z,45.70369,13.72006,59.45,215,70b3d5499ea1e80,0x8,0xfc,False,723033227,-36,28,7,0x56
149,70b3d54993208829,2017-05-19T08:57:58.000Z,45.70369,13.72006,59.45,216,70b3d5499ea1e804,0xae,0xae,True,725102290,-36,27,7,0x90
150,70b3d54993208829,2017-05-19T08:58:02.000Z,45.70369,13.72006,59.45,218,70b3d5499ea1e804,0xc0,0xc0,True,729240331,-36,27,7,0xff
151,70b3d54993208829,2017-05-19T08:58:05.000Z,45.70369,13.72006,59.45,219,70b3d5499ea1e804,0xa2,0xa2,True,731309355,-36,27,7,0x18
152,70b3d54993208829,2017-05-19T08:58:07.000Z,45.70369,13.72006,59.45,220,70b3d5499ea1e804,0x89,0x89,True,733378376,-36,28,7,0x75
153,70b3d54993208829,2017-05-19T08:58:08.000Z,45.70369,13.72006,59.45,221,70b3d5499ea1e804,0xeb,0xeb,True,735447403,-37,28,7,0x91
154,70b3d54993208829,2017-05-19T08:58:11.000Z,45.70369,13.72006,59.45,222,70b3d5499ea1e804,0x4d,0x4d,True,737516423,-37,26,7,0x9f
155,70b3d54993208829,2017-05-19T08:58:12.000Z,45.70369,13.72006,59.45,223,70b3d5499ea1e804,0x2f,0x2f,True,739585446,-37,29,7,0x98
156,70b3d54993208829,2017-05-19T08:58:15.000Z,45.70369,13.72006,59.45,224,70b3d5499ea1e804,0x18,0x18,True,741654470,-37,27,7,0x9a
157,70b3d54993208829,2017-05-19T08:58:17.000Z,45.70369,13.72006,59.45,225,70b3d5499ea1e804,0x7a,0x7a,True,743723502,-39,27,7,0x46
158,70b3d54993208829,2017-05-19T08:58:19.000Z,45.70369,13.72006,59.45,226,70b3d5499ea1e804,0xdc,0xdc,True,745792517,-37,28,7,0x47
159,70b3d54993208829,2017-05-19T08:58:21.000Z,45.70369,13.72006,59.45,227,70b3d5499ea1e804,0xbe,0xbe,True,747861531,-37,27,7,0xd9
160,70b3d54993208829,2017-05-19T08:58:23.000Z,45.70369,13.72006,59.45,228,70b3d5499ea1e804,0xb2,0xb2,True,749930740,-37,29,7,0xd6
161,70b3d54993208829,2017-05-19T08:58:25.000Z,45.70369,13.72006,59.45,229,70b3d5499ea1e804,0xd0,0xd0,True,751999583,-36,24,7,0xff
162,70b3d54993208829,2017-05-19T08:58:27.000Z,45.70369,13.72006,59.45,230,70b3d5499ea1e804,0x50,0x50,True,754068613,-37,27,7,0xed
163,70b3d54993208829,2017-05-19T08:58:30.000Z,45.70369,13.72006,59.45,231,70b3d5499ea1e804,0x32,0x32,True,756137626,-39,26,7,0x44
164,70b3d54993208829,2017-05-19T08:58:31.000Z,45.70369,13.72006,59.45,232,70b3d5499ea1e804,0x94,0x94,True,758206649,-36,28,7,0x7
165,70b3d54993208829,2017-05-19T08:58:33.000Z,45.70369,13.72006,59.45,233,70b3d5499ea1e804,0xf6,0xf6,True,760276663,-36,29,7,0x12
166,70b3d54993208829,2017-05-19T08:58:36.000Z,45.70369,13.72006,59.45,234,70b3d5499ea1e804,0xc1,0xc1,True,762345694,-37,27,7,0x14
167,70b3d54993208829,2017-05-19T08:58:38.000Z,45.70369,13.72006,59.45,235,70b3d5499ea1e804,0xa3,0xa3,True,764414722,-36,29,7,0x37
168,70b3d54993208829,2017-05-19T08:58:40.000Z,45.70369,13.72006,59.45,236,70b3d5499ea1e80,0x5,0x49,False,766483696,-36,25,7,0xc5
169,70b3d54993208829,2017-05-19T08:58:42.000Z,45.70369,13.72006,59.45,237,70b3d5499ea1e804,0x67,0x67,True,768552760,-36,25,7,0x50
170,70b3d54993208829,2017-05-19T08:58:44.000Z,45.70369,13.72006,59.45,238,70b3d5499ea1e804,0x6b,0x6b,True,770621784,-36,28,7,0x20
171,70b3d54993208829,2017-05-19T08:58:46.000Z,45.70369,13.72006,59.45,239,70b3d5499ea1e80,0x9,0xe5,False,772690767,-36,28,7,0x34
172,70b3d54993208829,2017-05-19T08:58:48.000Z,45.70369,13.72006,59.45,240,70b3d5499ea1e804,0x6d,0x6d,True,774759831,-37,28,7,0xa0
173,70b3d54993208829,2017-05-19T08:58:50.000Z,45.70369,13.72006,59.45,241,70b3d5499ea1e80,0xf,0xb3,False,776828814,-37,31,7,0x37
174,70b3d54993208829,2017-05-19T08:58:52.000Z,45.70369,13.72006,59.45,242,70b3d5499ea1e804,0xa9,0xa9,True,778897863,-36,27,7,0xa1
175,70b3d54993208829,2017-05-19T08:58:54.000Z,45.70369,13.72006,59.45,243,70b3d5499ea1e804,0xcb,0xcb,True,780966898,-36,28,7,0xc4
176,70b3d54993208829,2017-05-19T08:58:58.000Z,45.70369,13.72007,59.45,245,70b3d5499ea1e804,0x9e,0x9e,True,785104948,-36,27,7,0xaf
177,70b3d54993208829,2017-05-19T08:59:00.000Z,45.70369,13.72007,59.45,246,70b3d5499ea1e804,0x38,0x38,True,787173965,-36,25,7,0x23
178,70b3d54993208829,2017-05-19T08:59:03.000Z,45.70369,13.72007,59.45,247,70b3d5499ea1e804,0x5a,0x5a,True,789242986,-36,27,7,0xbd
179,70b3d54993208829,2017-05-19T08:59:05.000Z,45.70369,13.72007,59.45,248,70b3d5499ea1e804,0x56,0x56,True,791312011,-36,27,7,0x80
180,70b3d54993208829,2017-05-19T08:59:07.000Z,45.70369,13.72007,59.45,249,70b3d5499ea1e804,0x34,0x34,True,793381035,-36,27,7,0xff
181,70b3d54993208829,2017-05-19T08:59:09.000Z,45.70369,13.72007,59.45,250,70b3d5499ea1e804,0xb4,0xb4,True,795450060,-36,27,7,0xfc
182,70b3d54993208829,2017-05-19T08:59:11.000Z,45.70369,13.72007,59.45,251,70b3d5499ea1e804,0xd6,0xd6,True,797519081,-36,27,7,0x39
183,70b3d54993208829,2017-05-19T08:59:13.000Z,45.70369,13.72007,59.45,252,70b3d5499ea1e804,0x70,0x70,True,799588097,-36,28,7,0x92
184,70b3d54993208829,2017-05-19T08:59:15.000Z,45.70369,13.72007,59.45,253,70b3d5499ea1e804,0x12,0x12,True,801657121,-36,25,7,0xb8
185,70b3d54993208829,2017-05-19T08:59:17.000Z,45.70369,13.72007,59.45,254,70b3d5499ea1e804,0x25,0x25,True,803726152,-37,25,7,0xa1
186,70b3d54993208829,2017-05-19T08:59:19.000Z,45.70369,13.72007,59.45,255,70b3d5499ea1e804,0x47,0x47,True,805795167,-39,26,7,0xe5
187,70b3d54993208829,2017-05-19T08:59:21.000Z,45.70369,13.72007,59.45,256,70b3d5499ea1e804,0xe1,0xe1,True,807864190,-37,28,7,0x41
188,70b3d54993208829,2017-05-19T08:59:23.000Z,45.70369,13.72007,59.45,257,70b3d5499ea1e804,0x83,0x83,True,809933214,-37,28,7,0x64
189,70b3d54993208829,2017-05-19T08:59:25.000Z,45.70369,13.72007,59.45,258,70b3d5499ea1e804,0x8f,0x8f,True,812002230,-37,25,7,0xb7
190,70b3d54993208829,2017-05-19T08:59:27.000Z,45.70369,13.72007,59.45,259,70b3d5499ea1e804,0xed,0xed,True,814071255,-37,26,7,0x11
191,70b3d54993208829,2017-05-19T08:59:29.000Z,45.70369,13.72007,59.45,260,70b3d5499ea1e804,0xc6,0xc6,True,816140277,-37,27,7,0xaf
192,70b3d54993208829,2017-05-19T08:59:32.000Z,45.70369,13.72007,59.45,261,70b3d5499ea1e804,0xa4,0xa4,True,818209308,-37,26,7,0x4b
193,70b3d54993208829,2017-05-19T08:59:34.000Z,45.70369,13.72007,59.45,262,70b3d5499ea1e80,0x2,0x6,False,820278278,-39,28,7,0xfc
194,70b3d54993208829,2017-05-19T08:59:36.000Z,45.70369,13.72007,59.45,263,70b3d5499ea1e804,0x60,0x60,True,822347347,-37,26,7,0xc3
195,70b3d54993208829,2017-05-19T08:59:38.000Z,45.70369,13.72007,59.45,264,70b3d5499ea1e804,0x57,0x57,True,824416364,-36,27,7,0x69
196,70b3d54993208829,2017-05-19T08:59:40.000Z,45.70369,13.72007,59.45,265,70b3d5499ea1e804,0x35,0x35,True,826485393,-40,28,7,0xd2
197,70b3d54993208829,2017-05-19T08:59:42.000Z,45.70369,13.72007,59.45,266,70b3d5499ea1e804,0x93,0x93,True,828554409,-39,25,7,0xbc
198,70b3d54993208829,2017-05-19T08:59:44.000Z,45.70369,13.72007,59.45,267,70b3d5499ea1e804,0xf1,0xf1,True,830624449,-36,27,7,0x13
199,70b3d54993208829,2017-05-19T08:59:46.000Z,45.70369,13.72007,59.45,268,70b3d5499ea1e804,0xfd,0xfd,True,832693464,-36,28,7,0x12
200,70b3d54993208829,2017-05-19T08:59:48.000Z,45.70369,13.72007,59.45,269,70b3d5499ea1e804,0x9f,0x9f,True,834762488,-36,26,7,0xbe
201,70b3d54993208829,2017-05-19T08:59:50.000Z,45.70369,13.72007,59.45,270,70b3d5499ea1e804,0x1f,0x1f,True,836831503,-36,26,7,0x30
202,70b3d54993208829,2017-05-19T08:59:52.000Z,45.70369,13.72007,59.45,271,70b3d5499ea1e804,0x7d,0x7d,True,838900528,-36,26,7,0x8f
203,70b3d54993208829,2017-05-19T08:59:54.000Z,45.70369,13.72007,59.45,272,70b3d5499ea1e804,0xdb,0xdb,True,840970551,-39,26,7,0xa3
204,70b3d54993208829,2017-05-19T08:59:56.000Z,45.70369,13.72007,59.45,273,70b3d5499ea1e804,0xb9,0xb9,True,843039575,-39,27,7,0xba
205,70b3d54993208829,2017-05-19T08:59:58.000Z,45.70369,13.72007,59.45,274,70b3d5499ea1e804,0x8e,0x8e,True,845108600,-39,27,7,0xf4
206,70b3d54993208829,2017-05-19T09:00:00.000Z,45.70369,13.72007,59.45,275,70b3d5499ea1e804,0xec,0xec,True,847177615,-37,29,7,0x80
207,70b3d54993208829,2017-05-19T09:00:03.000Z,45.70369,13.72007,59.45,276,70b3d5499ea1e804,0x4a,0x4a,True,849246644,-39,28,7,0xb5
208,70b3d54993208829,2017-05-19T09:00:05.000Z,45.70369,13.72007,59.45,277,70b3d5499ea1e804,0x28,0x28,True,851315672,-39,28,7,0x70
209,70b3d54993208829,2017-05-19T09:00:07.000Z,45.70369,13.72007,59.45,278,70b3d5499ea1e804,0x24,0x24,True,853384684,-39,29,7,0xff
210,70b3d54993208829,2017-05-19T09:00:09.000Z,45.70369,13.72007,59.45,279,70b3d5499ea1e804,0x46,0x46,True,855453716,-39,30,7,0x97
211,70b3d54993208829,2017-05-19T09:00:11.000Z,45.70369,13.72007,59.45,280,70b3d5499ea1e804,0xbc,0xbc,True,857522723,-37,29,7,0x0
212,70b3d54993208829,2017-05-19T09:00:13.000Z,45.70369,13.72007,59.45,281,70b3d5499ea1e804,0xde,0xde,True,859591754,-39,27,7,0x60
213,70b3d54993208829,2017-05-19T09:00:15.000Z,45.70369,13.72007,59.45,282,70b3d5499ea1e804,0x78,0x78,True,861660778,-40,27,7,0xab
214,70b3d54993208829,2017-05-19T09:00:17.000Z,45.70369,13.72007,59.45,283,70b3d5499ea1e804,0x1a,0x1a,True,863729810,-39,32,7,0xc6
215,70b3d54993208829,2017-05-19T09:00:19.000Z,45.70369,13.72007,59.45,284,70b3d5499ea1e804,0x2d,0x2d,True,865801810,-40,29,7,0xa9
216,70b3d54993208829,2017-05-19T09:00:21.000Z,45.70369,13.72007,59.45,285,70b3d5499ea1e804,0x4f,0x4f,True,867870842,-39,28,7,0x7b
217,70b3d54993208829,2017-05-19T09:00:23.000Z,45.70369,13.72007,59.45,286,70b3d5499ea1e804,0xe9,0xe9,True,869939864,-39,30,7,0xcf
218,70b3d54993208829,2017-05-19T09:00:25.000Z,45.70369,13.72007,59.45,287,70b3d5499ea1e804,0x8b,0x8b,True,872008882,-39,26,7,0xc5
219,70b3d54993208829,2017-05-19T09:00:28.000Z,45.70369,13.72007,59.45,288,70b3d5499ea1e804,0x87,0x87,True,874077912,-37,27,7,0x9f
220,70b3d54993208829,2017-05-19T09:00:29.000Z,45.70369,13.72007,59.45,289,70b3d5499ea1e804,0xe5,0xe5,True,876146935,-35,27,7,0x6f
221,70b3d54993208829,2017-05-19T09:00:31.000Z,45.70369,13.72007,59.45,290,70b3d5499ea1e804,0x65,0x65,True,878215951,-31,26,7,0xf9
222,70b3d54993208829,2017-05-19T09:00:33.000Z,45.70369,13.72007,59.45,291,70b3d5499ea1e80,0x7,0x7b,False,880284941,-34,29,7,0xcb
223,70b3d54993208829,2017-05-19T09:00:36.000Z,45.70369,13.72007,59.45,292,70b3d5499ea1e804,0xa1,0xa1,True,882354005,-33,29,7,0x39
224,70b3d54993208829,2017-05-19T09:00:38.000Z,45.70369,13.72007,59.45,293,70b3d5499ea1e804,0xc3,0xc3,True,884423023,-33,28,7,0x11
225,70b3d54993208829,2017-05-19T09:00:40.000Z,45.70369,13.72007,59.45,294,70b3d5499ea1e804,0xf4,0xf4,True,886492044,-35,26,7,0xef
226,70b3d54993208829,2017-05-19T09:00:42.000Z,45.70369,13.72007,59.45,295,70b3d5499ea1e804,0x96,0x96,True,888561067,-36,28,7,0x10
227,70b3d54993208829,2017-05-19T09:00:44.000Z,45.70369,13.72007,59.45,296,70b3d5499ea1e804,0x30,0x30,True,890631195,-37,26,7,0x56
228,70b3d54993208829,2017-05-19T09:00:46.000Z,45.70369,13.72007,59.45,297,70b3d5499ea1e804,0x52,0x52,True,892700107,-37,26,7,0x84
229,70b3d54993208829,2017-05-19T09:00:48.000Z,45.70369,13.72007,59.45,298,70b3d5499ea1e804,0x5e,0x5e,True,894769139,-36,28,7,0x97
230,70b3d54993208829,2017-05-19T09:00:50.000Z,45.70369,13.72007,59.45,299,70b3d5499ea1e804,0x3c,0x3c,True,896838153,-36,28,7,0xa4
231,70b3d54993208829,2017-05-19T09:00:52.000Z,45.70369,13.72007,59.45,300,70b3d5499ea1e804,0xe9,0xe9,True,898907193,-36,28,7,0x69
232,70b3d54993208829,2017-05-19T09:00:54.000Z,45.70369,13.72007,59.45,301,70b3d5499ea1e804,0x8b,0x8b,True,900977193,-37,27,7,0x97
233,70b3d54993208829,2017-05-19T09:00:56.000Z,45.70369,13.72007,59.45,302,70b3d5499ea1e804,0x2d,0x2d,True,903046224,-37,29,7,0xb6
234,70b3d54993208829,2017-05-19T09:00:58.000Z,45.70369,13.72007,59.45,303,70b3d5499ea1e804,0x4f,0x4f,True,905115248,-37,28,7,0x3
235,70b3d54993208829,2017-05-19T09:01:00.000Z,45.70369,13.72007,59.45,304,70b3d5499ea1e804,0x78,0x78,True,907184264,-39,27,7,0x2b
236,70b3d54993208829,2017-05-19T09:01:01.000Z,45.70369,13.72007,59.45,305,70b3d5499ea1e804,0x1a,0x1a,True,909253290,-39,28,7,0x0
237,70b3d54993208829,2017-05-19T09:01:05.000Z,45.70369,13.72007,59.45,306,70b3d5499ea1e804,0xbc,0xbc,True,911322319,-39,27,7,0x4f
238,70b3d54993208829,2017-05-19T09:01:07.000Z,45.70369,13.72007,59.45,307,70b3d5499ea1e804,0xde,0xde,True,913391342,-39,27,7,0x53
239,70b3d54993208829,2017-05-19T09:01:09.000Z,45.70369,13.72007,59.45,308,70b3d5499ea1e804,0xd2,0xd2,True,915460365,-39,29,7,0xf1
240,70b3d54993208829,2017-05-19T09:01:11.000Z,45.70369,13.72007,59.45,309,70b3d5499ea1e804,0xb0,0xb0,True,917529380,-39,27,7,0x4b
241,70b3d54993208829,2017-05-19T09:01:13.000Z,45.70369,13.72007,59.45,310,70b3d5499ea1e804,0x30,0x30,True,919598405,-37,29,7,0x7e
242,70b3d54993208829,2017-05-19T09:01:15.000Z,45.70369,13.72007,59.45,311,70b3d5499ea1e804,0x52,0x52,True,921667556,-39,29,7,0x2d
243,70b3d54993208829,2017-05-19T09:01:17.000Z,45.70369,13.72007,59.45,312,70b3d5499ea1e804,0xf4,0xf4,True,923736459,-37,27,7,0x24
244,70b3d54993208829,2017-05-19T09:01:19.000Z,45.70369,13.72007,59.45,313,70b3d5499ea1e804,0x96,0x96,True,925805475,-37,29,7,0x43
245,70b3d54993208829,2017-05-19T09:01:21.000Z,45.70369,13.72007,59.45,314,70b3d5499ea1e804,0xa1,0xa1,True,927873499,-37,26,7,0x86
246,70b3d54993208829,2017-05-19T09:01:23.000Z,45.70369,13.72007,59.45,315,70b3d5499ea1e804,0xc3,0xc3,True,929942513,-37,27,7,0xe5
247,70b3d54993208829,2017-05-19T09:01:25.000Z,45.70369,13.72007,59.45,316,70b3d5499ea1e804,0x65,0x65,True,932011537,-37,28,7,0x12
248,70b3d54993208829,2017-05-19T09:01:27.000Z,45.70369,13.72007,59.45,317,70b3d5499ea1e80,0x7,0x7b,False,934080520,-37,30,7,0xd6
249,70b3d54993208829,2017-05-19T09:01:30.000Z,45.70369,13.72007,59.45,318,70b3d5499ea1e80,0xb,0xd7,False,936149539,-37,27,7,0x19
250,70b3d54993208829,2017-05-19T09:01:32.000Z,45.70369,13.72007,59.45,319,70b3d5499ea1e804,0x69,0x69,True,938218608,-37,25,7,0x4d
251,70b3d54993208829,2017-05-19T09:01:34.000Z,45.70369,13.72007,59.45,320,70b3d5499ea1e804,0x42,0x42,True,940287634,-37,28,7,0xf3
252,70b3d54993208829,2017-05-19T09:01:36.000Z,45.70369,13.72007,59.45,321,70b3d5499ea1e804,0x20,0x20,True,942356657,-37,25,7,0x92
253,70b3d54993208829,2017-05-19T09:01:38.000Z,45.70369,13.72007,59.45,322,70b3d5499ea1e804,0x86,0x86,True,944425678,-37,28,7,0x7
254,70b3d54993208829,2017-05-19T09:01:40.000Z,45.70369,13.72007,59.45,323,70b3d5499ea1e804,0xe4,0xe4,True,946494704,-36,27,7,0x9b
255,70b3d54993208829,2017-05-19T09:01:42.000Z,45.70369,13.72007,59.45,324,70b3d5499ea1e804,0xd3,0xd3,True,948563717,-36,27,7,0xb1
256,70b3d54993208829,2017-05-19T09:01:44.000Z,45.70369,13.72007,59.45,325,70b3d5499ea1e804,0xb1,0xb1,True,950632740,-37,24,7,0x9a
257,70b3d54993208829,2017-05-19T09:01:46.000Z,45.70369,13.72007,59.45,326,70b3d5499ea1e804,0x17,0x17,True,952701764,-37,26,7,0x32
258,70b3d54993208829,2017-05-19T09:01:48.000Z,45.70369,13.72007,59.45,327,70b3d5499ea1e804,0x75,0x75,True,954770788,-37,29,7,0xe7
259,70b3d54993208829,2017-05-19T09:01:50.000Z,45.70369,13.72007,59.45,328,70b3d5499ea1e804,0x79,0x79,True,956839804,-37,28,7,0x8
260,70b3d54993208829,2017-05-19T09:01:52.000Z,45.70369,13.72007,59.45,329,70b3d5499ea1e804,0x1b,0x1b,True,958908834,-37,26,7,0xea
261,70b3d54993208829,2017-05-19T09:01:54.000Z,45.70369,13.72007,59.45,330,70b3d5499ea1e804,0x9b,0x9b,True,960977853,-37,28,7,0x9e
262,70b3d54993208829,2017-05-19T09:01:56.000Z,45.70369,13.72007,59.45,331,70b3d5499ea1e804,0xf9,0xf9,True,963046874,-37,29,7,0xe6
263,70b3d54993208829,2017-05-19T09:01:59.000Z,45.70369,13.72007,59.45,332,70b3d5499ea1e804,0x5f,0x5f,True,965115898,-37,26,7,0x93
264,70b3d54993208829,2017-05-19T09:02:00.000Z,45.70369,13.72007,59.45,333,70b3d5499ea1e804,0x3d,0x3d,True,967184921,-37,28,7,0x31
265,70b3d54993208829,2017-05-19T09:02:03.000Z,45.70369,13.72007,59.45,334,70b3d5499ea1e80,0xa,0xce,False,969253904,-37,27,7,0x5d
266,70b3d54993208829,2017-05-19T09:02:04.000Z,45.70369,13.72007,59.45,335,70b3d5499ea1e804,0x68,0x68,True,971322970,-37,26,7,0xb3
267,70b3d54993208829,2017-05-19T09:02:07.000Z,45.70369,13.72007,59.45,336,70b3d5499ea1e804,0xce,0xce,True,973391992,-37,28,7,0x57
268,70b3d54993208829,2017-05-19T09:02:09.000Z,45.70369,13.72007,59.45,337,70b3d5499ea1e804,0xac,0xac,True,975461015,-37,28,7,0x9f
269,70b3d54993208829,2017-05-19T09:02:11.000Z,45.70369,13.72007,59.45,338,70b3d5499ea1e804,0xa0,0xa0,True,977530030,-37,27,7,0xe
270,70b3d54993208829,2017-05-19T09:02:15.000Z,45.70369,13.72007,59.45,340,70b3d5499ea1e804,0xa6,0xa6,True,981669086,-37,26,7,0xf4
271,70b3d54993208829,2017-05-19T09:02:17.000Z,45.70369,13.72007,59.45,341,70b3d5499ea1e804,0xc4,0xc4,True,983738101,-37,28,7,0xa2
272,70b3d54993208829,2017-05-19T09:02:19.000Z,45.70369,13.72007,59.45,342,70b3d5499ea1e804,0x62,0x62,True,985807125,-37,28,7,0x8d
273,70b3d54993208829,2017-05-19T09:02:21.000Z,45.70369,13.72007,59.45,343,70b3d5499ea1e80,0x0,0x34,False,987876109,-37,27,7,0x3e
274,70b3d54993208829,2017-05-19T09:02:23.000Z,45.70369,13.72007,59.45,344,70b3d5499ea1e804,0x37,0x37,True,989945174,-37,28,7,0xf9
275,70b3d54993208829,2017-05-19T09:02:25.000Z,45.70369,13.72007,59.45,345,70b3d5499ea1e804,0x55,0x55,True,992014187,-37,27,7,0x8f
276,70b3d54993208829,2017-05-19T09:02:27.000Z,45.70369,13.72007,59.45,346,70b3d5499ea1e804,0xf3,0xf3,True,994083219,-37,27,7,0x99
277,70b3d54993208829,2017-05-19T09:02:29.000Z,45.70369,13.72007,59.45,347,70b3d5499ea1e804,0x91,0x91,True,996152236,-37,27,7,0x4b
278,70b3d54993208829,2017-05-19T09:02:32.000Z,45.70369,13.72007,59.45,348,70b3d5499ea1e804,0x9d,0x9d,True,998221257,-37,28,7,0xb9
279,70b3d54993208829,2017-05-19T09:02:33.000Z,45.70369,13.72007,59.45,349,70b3d5499ea1e804,0xff,0xff,True,1000290283,-39,28,7,0xcb
280,70b3d54993208829,2017-05-19T09:02:36.000Z,45.70369,13.72007,59.45,350,70b3d5499ea1e804,0x7f,0x7f,True,1002359304,-39,26,7,0x78
281,70b3d54993208829,2017-05-19T09:02:38.000Z,45.70369,13.72007,59.45,351,70b3d5499ea1e804,0x1d,0x1d,True,1004428329,-39,26,7,0xeb
282,70b3d54993208829,2017-05-19T09:02:40.000Z,45.70369,13.72007,59.45,352,70b3d5499ea1e804,0xbb,0xbb,True,1006497351,-39,28,7,0x9e
283,70b3d54993208829,2017-05-19T09:02:42.000Z,45.70369,13.72007,59.45,353,70b3d5499ea1e804,0xd9,0xd9,True,1008566360,-39,28,7,0xc6
284,70b3d54993208829,2017-05-19T09:02:44.000Z,45.70369,13.72007,59.45,354,70b3d5499ea1e804,0xee,0xee,True,1010635392,-37,28,7,0x18
285,70b3d54993208829,2017-05-19T09:02:46.000Z,45.70369,13.72007,59.45,355,70b3d5499ea1e804,0x8c,0x8c,True,1012704422,-36,28,7,0xfd
286,70b3d54993208829,2017-05-19T09:02:48.000Z,45.70369,13.72007,59.45,356,70b3d5499ea1e804,0x2a,0x2a,True,1014773446,-36,26,7,0x5c
287,70b3d54993208829,2017-05-19T09:02:50.000Z,45.70369,13.72007,59.45,357,70b3d5499ea1e804,0x48,0x48,True,1016842461,-36,28,7,0x6b
288,70b3d54993208829,2017-05-19T09:02:52.000Z,45.70369,13.72007,59.45,358,70b3d5499ea1e804,0x44,0x44,True,1018911484,-36,26,7,0xed
289,70b3d54993208829,2017-05-19T09:02:54.000Z,45.70369,13.72007,59.45,359,70b3d5499ea1e804,0x26,0x26,True,1020980508,-36,26,7,0x1e
290,70b3d54993208829,2017-05-19T09:02:56.000Z,45.70369,13.72007,59.45,360,70b3d5499ea1e80,0xd,0x81,False,1023049483,-37,27,7,0x54
291,70b3d54993208829,2017-05-19T09:02:59.000Z,45.70369,13.72007,59.45,361,70b3d5499ea1e804,0x6f,0x6f,True,1025118557,-36,27,7,0xc7
292,70b3d54993208829,2017-05-19T09:03:00.000Z,45.70369,13.72007,59.45,362,70b3d5499ea1e804,0xc9,0xc9,True,1027187573,-36,28,7,0xe3
293,70b3d54993208829,2017-05-19T09:03:03.000Z,45.70369,13.72007,59.45,363,70b3d5499ea1e804,0xab,0xab,True,1029256597,-36,28,7,0x30
294,70b3d54993208829,2017-05-19T09:03:05.000Z,45.70369,13.72007,59.45,364,70b3d5499ea1e804,0x9c,0x9c,True,1031325627,-36,26,7,0x27
295,70b3d54993208829,2017-05-19T09:03:07.000Z,45.70369,13.72007,59.45,365,70b3d5499ea1e804,0xfe,0xfe,True,1033394643,-37,28,7,0xd0
296,70b3d54993208829,2017-05-19T09:03:09.000Z,45.70369,13.72007,59.45,366,70b3d5499ea1e804,0x58,0x58,True,1035463672,-36,28,7,0x74
297,70b3d54993208829,2017-05-19T09:03:11.000Z,45.70369,13.72007,59.45,367,70b3d5499ea1e804,0x3a,0x3a,True,1037532688,-36,24,7,0x4
298,70b3d54993208829,2017-05-19T09:03:13.000Z,45.70369,13.72007,59.45,368,70b3d5499ea1e804,0x36,0x36,True,1039601705,-37,27,7,0xcd
299,70b3d54993208829,2017-05-19T09:03:15.000Z,45.70369,13.72007,59.45,369,70b3d5499ea1e804,0x54,0x54,True,1041670736,-36,28,7,0xf5
300,70b3d54993208829,2017-05-19T09:03:17.000Z,45.70369,13.72007,59.45,370,70b3d5499ea1e804,0xd4,0xd4,True,1043739761,-36,27,7,0xfe
301,70b3d54993208829,2017-05-19T09:03:19.000Z,45.70369,13.72007,59.45,371,70b3d5499ea1e804,0xb6,0xb6,True,1045808783,-36,28,7,0x19
302,70b3d54993208829,2017-05-19T09:03:21.000Z,45.70369,13.72007,59.45,372,70b3d5499ea1e804,0x10,0x10,True,1047877797,-36,28,7,0x0
303,70b3d54993208829,2017-05-19T09:03:23.000Z,45.70369,13.72007,59.45,373,70b3d5499ea1e804,0x72,0x72,True,1049946824,-36,28,7,0xd5
304,70b3d54993208829,2017-05-19T09:03:25.000Z,45.70369,13.72007,59.45,374,70b3d5499ea1e804,0x45,0x45,True,1052015839,-36,28,7,0xe6
305,70b3d54993208829,2017-05-19T09:03:27.000Z,45.70369,13.72007,59.45,375,70b3d5499ea1e804,0x27,0x27,True,1054084874,-36,26,7,0x5f
306,70b3d54993208829,2017-05-19T09:03:30.000Z,45.70369,13.72007,59.45,376,70b3d5499ea1e804,0x81,0x81,True,1056153891,-36,27,7,0xb2
307,70b3d54993208829,2017-05-19T09:03:31.000Z,45.70369,13.72007,59.45,377,70b3d5499ea1e804,0xe3,0xe3,True,1058222908,-36,27,7,0x6b
308,70b3d54993208829,2017-05-19T09:03:34.000Z,45.70369,13.72007,59.45,378,70b3d5499ea1e804,0xef,0xef,True,1060291934,-36,27,7,0x76
309,70b3d54993208829,2017-05-19T09:03:36.000Z,45.70369,13.72007,59.45,379,70b3d5499ea1e804,0x8d,0x8d,True,1062361954,-36,27,7,0x3
310,70b3d54993208829,2017-05-19T09:03:38.000Z,45.70369,13.72007,59.45,380,70b3d5499ea1e804,0x77,0x77,True,1064430978,-36,26,7,0xc0
311,70b3d54993208829,2017-05-19T09:03:40.000Z,45.70369,13.72007,59.45,381,70b3d5499ea1e804,0x15,0x15,True,1066500011,-36,26,7,0xc0
312,70b3d54993208829,2017-05-19T09:03:42.000Z,45.70369,13.72007,59.45,382,70b3d5499ea1e804,0xb3,0xb3,True,1068569133,-36,27,7,0x7b
313,70b3d54993208829,2017-05-19T09:03:44.000Z,45.70369,13.72007,59.45,383,70b3d5499ea1e804,0xd1,0xd1,True,1070638052,-36,28,7,0x10
314,70b3d54993208829,2017-05-19T09:03:46.000Z,45.70369,13.72007,59.45,384,70b3d5499ea1e804,0xe6,0xe6,True,1072707074,-36,29,7,0xf5
315,70b3d54993208829,2017-05-19T09:03:48.000Z,45.70369,13.72007,59.45,385,70b3d5499ea1e804,0x84,0x84,True,1074775096,-37,27,7,0xbc
316,70b3d54993208829,2017-05-19T09:03:50.000Z,45.70369,13.72007,59.45,386,70b3d5499ea1e804,0x22,0x22,True,1076844111,-36,27,7,0xe9
317,70b3d54993208829,2017-05-19T09:03:52.000Z,45.70369,13.72007,59.45,387,70b3d5499ea1e804,0x40,0x40,True,1078913135,-36,27,7,0x34
318,70b3d54993208829,2017-05-19T09:03:54.000Z,45.70369,13.72007,59.45,388,70b3d5499ea1e804,0x4c,0x4c,True,1080982158,-36,26,7,0xec
319,70b3d54993208829,2017-05-19T09:03:56.000Z,45.70369,13.72007,59.45,389,70b3d5499ea1e804,0x2e,0x2e,True,1083051184,-36,26,7,0x55
320,70b3d54993208829,2017-05-19T09:03:58.000Z,45.70369,13.72007,59.45,390,70b3d5499ea1e804,0xae,0xae,True,1085120207,-37,26,7,0xf7
321,70b3d54993208829,2017-05-19T09:04:00.000Z,45.70369,13.72007,59.45,391,70b3d5499ea1e804,0xcc,0xcc,True,1087189231,-36,29,7,0xf7
322,70b3d54993208829,2017-05-19T09:04:03.000Z,45.70369,13.72007,59.45,392,70b3d5499ea1e804,0x6a,0x6a,True,1089258252,-37,27,7,0xaa
323,70b3d54993208829,2017-05-19T09:04:05.000Z,45.70369,13.72007,59.45,393,70b3d5499ea1e80,0x8,0xfc,False,1091327227,-37,25,7,0x95
324,70b3d54993208829,2017-05-19T09:04:07.000Z,45.70369,13.72007,59.45,394,70b3d5499ea1e804,0x3f,0x3f,True,1093396298,-37,26,7,0xb9
325,70b3d54993208829,2017-05-19T09:04:09.000Z,45.70369,13.72007,59.45,395,70b3d5499ea1e804,0x5d,0x5d,True,1095465323,-36,26,7,0xe6
326,70b3d54993208829,2017-05-19T09:04:11.000Z,45.70369,13.72007,59.45,396,70b3d5499ea1e804,0xfb,0xfb,True,1097534338,-37,28,7,0x72
327,70b3d54993208829,2017-05-19T09:04:13.000Z,45.70369,13.72007,59.45,397,70b3d5499ea1e804,0x99,0x99,True,1099603370,-37,28,7,0x16
328,70b3d54993208829,2017-05-19T09:04:15.000Z,45.70369,13.72007,59.45,398,70b3d5499ea1e804,0x95,0x95,True,1101672389,-37,29,7,0x60
329,70b3d54993208829,2017-05-19T09:04:17.000Z,45.70369,13.72007,59.45,399,70b3d5499ea1e804,0xf7,0xf7,True,1103741413,-36,27,7,0xf3
330,70b3d54993208829,2017-05-19T09:04:19.000Z,45.70369,13.72007,59.45,400,70b3d5499ea1e804,0xaa,0xaa,True,1105810434,-36,28,7,0x28
331,70b3d54993208829,2017-05-19T09:04:21.000Z,45.70369,13.72007,59.45,401,70b3d5499ea1e804,0xc8,0xc8,True,1107879456,-37,27,7,0xd1
332,70b3d54993208829,2017-05-19T09:04:23.000Z,45.70369,13.72007,59.45,402,70b3d5499ea1e804,0x6e,0x6e,True,1109948478,-37,27,7,0x35
333,70b3d54993208829,2017-05-19T09:04:25.000Z,45.70369,13.72007,59.45,403,70b3d5499ea1e80,0xc,0x98,False,1112017455,-36,28,7,0xda
334,70b3d54993208829,2017-05-19T09:04:27.000Z,45.70369,13.72007,59.45,404,70b3d5499ea1e804,0x3b,0x3b,True,1114086527,-36,27,7,0xcf
335,70b3d54993208829,2017-05-19T09:04:29.000Z,45.70369,13.72007,59.45,405,70b3d5499ea1e804,0x59,0x59,True,1116155549,-36,26,7,0xc9
336,70b3d54993208829,2017-05-19T09:04:32.000Z,45.70369,13.72007,59.45,406,70b3d5499ea1e804,0xff,0xff,True,1118224563,-36,28,7,0xda
337,70b3d54993208829,2017-05-19T09:04:33.000Z,45.70369,13.72007,59.45,407,70b3d5499ea1e804,0x9d,0x9d,True,1120293590,-36,28,7,0x86
338,70b3d54993208829,2017-05-19T09:04:36.000Z,45.70369,13.72007,59.45,408,70b3d5499ea1e804,0x91,0x91,True,1122362614,-36,26,7,0x7a
339,70b3d54993208829,2017-05-19T09:04:38.000Z,45.70369,13.72007,59.45,409,70b3d5499ea1e804,0xf3,0xf3,True,1124431635,-37,29,7,0x5f
340,70b3d54993208829,2017-05-19T09:04:40.000Z,45.70369,13.72007,59.45,410,70b3d5499ea1e804,0x73,0x73,True,1126500662,-37,26,7,0x6
341,70b3d54993208829,2017-05-19T09:04:42.000Z,45.70369,13.72007,59.45,411,70b3d5499ea1e804,0x11,0x11,True,1128569791,-37,25,7,0x13
342,70b3d54993208829,2017-05-19T09:04:44.000Z,45.70369,13.72007,59.45,412,70b3d5499ea1e804,0xb7,0xb7,True,1130638701,-37,26,7,0xf9
343,70b3d54993208829,2017-05-19T09:04:46.000Z,45.70369,13.72007,59.45,413,70b3d5499ea1e804,0xd5,0xd5,True,1132707848,-37,25,7,0x36
344,70b3d54993208829,2017-05-19T09:04:48.000Z,45.70369,13.72007,59.45,414,70b3d5499ea1e804,0xe2,0xe2,True,1134776749,-37,27,7,0x10
345,70b3d54993208829,2017-05-19T09:04:50.000Z,45.70369,13.72007,59.45,415,70b3d5499ea1e804,0x80,0x80,True,1136845773,-37,29,7,0xf8
346,70b3d54993208829,2017-05-19T09:04:52.000Z,45.70369,13.72007,59.45,416,70b3d5499ea1e804,0x26,0x26,True,1138914794,-37,28,7,0x22
347,70b3d54993208829,2017-05-19T09:04:54.000Z,45.70369,13.72007,59.45,417,70b3d5499ea1e804,0x44,0x44,True,1140983806,-37,27,7,0xac
348,70b3d54993208829,2017-05-19T09:04:56.000Z,45.70369,13.72007,59.45,418,70b3d5499ea1e804,0x48,0x48,True,1143053832,-37,28,7,0x7c
349,70b3d54993208829,2017-05-19T09:04:59.000Z,45.70369,13.72007,59.45,419,70b3d5499ea1e804,0x2a,0x2a,True,1145122858,-37,27,7,0x56
350,70b3d54993208829,2017-05-19T09:05:00.000Z,45.70369,13.72007,59.45,420,70b3d5499ea1e80,0x1,0x2d,False,1147191842,-37,27,7,0x86
351,70b3d54993208829,2017-05-19T09:05:03.000Z,45.70369,13.72007,59.45,421,70b3d5499ea1e804,0x63,0x63,True,1149260905,-36,26,7,0xd8
352,70b3d54993208829,2017-05-19T09:05:05.000Z,45.70369,13.72007,59.45,422,70b3d5499ea1e804,0xc5,0xc5,True,1151329929,-36,27,7,0x4b
353,70b3d54993208829,2017-05-19T09:05:07.000Z,45.70369,13.72007,59.45,423,70b3d5499ea1e804,0xa7,0xa7,True,1153398948,-36,26,7,0xc3
354,70b3d54993208829,2017-05-19T09:05:09.000Z,45.70369,13.72007,59.45,424,70b3d5499ea1e804,0x90,0x90,True,1155467976,-37,27,7,0xce
355,70b3d54993208829,2017-05-19T09:05:11.000Z,45.70369,13.72007,59.45,425,70b3d5499ea1e804,0xf2,0xf2,True,1157539992,-37,26,7,0x2f
356,70b3d54993208829,2017-05-19T09:05:13.000Z,45.70369,13.72007,59.45,426,70b3d5499ea1e804,0x54,0x54,True,1159609022,-36,29,7,0x75
357,70b3d54993208829,2017-05-19T09:05:15.000Z,45.70369,13.72007,59.45,427,70b3d5499ea1e804,0x36,0x36,True,1161678045,-37,27,7,0xe3
358,70b3d54993208829,2017-05-19T09:05:17.000Z,45.70369,13.72007,59.45,428,70b3d5499ea1e804,0x3a,0x3a,True,1163747070,-37,28,7,0x84
359,70b3d54993208829,2017-05-19T09:05:19.000Z,45.70369,13.72007,59.45,429,70b3d5499ea1e804,0x58,0x58,True,1165816086,-36,26,7,0xca
360,70b3d54993208829,2017-05-19T09:05:21.000Z,45.70369,13.72007,59.45,430,70b3d5499ea1e804,0xd8,0xd8,True,1167885102,-37,26,7,0x97
361,70b3d54993208829,2017-05-19T09:05:23.000Z,45.70369,13.72007,59.45,431,70b3d5499ea1e804,0xba,0xba,True,1169954132,-37,29,7,0x48
362,70b3d54993208829,2017-05-19T09:05:25.000Z,45.70369,13.72007,59.45,432,70b3d5499ea1e804,0x1c,0x1c,True,1172023148,-41,29,7,0x1b
363,70b3d54993208829,2017-05-19T09:05:27.000Z,45.70369,13.72007,59.45,433,70b3d5499ea1e804,0x7e,0x7e,True,1174092165,-39,27,7,0xb8
364,70b3d54993208829,2017-05-19T09:05:30.000Z,45.70369,13.72007,59.45,434,70b3d5499ea1e804,0x49,0x49,True,1176161194,-39,25,7,0xe1
365,70b3d54993208829,2017-05-19T09:05:31.000Z,45.70369,13.72007,59.45,435,70b3d5499ea1e804,0x2b,0x2b,True,1178230222,-39,28,7,0x85
366,70b3d54993208829,2017-05-19T09:05:34.000Z,45.70369,13.72007,59.45,436,70b3d5499ea1e804,0x8d,0x8d,True,1180299246,-37,26,7,0x94
367,70b3d54993208829,2017-05-19T09:05:36.000Z,45.70369,13.72007,59.45,437,70b3d5499ea1e804,0xef,0xef,True,1182368266,-37,26,7,0x39
368,70b3d54993208829,2017-05-19T09:05:38.000Z,45.70369,13.72007,59.45,438,70b3d5499ea1e804,0xe3,0xe3,True,1184437285,-37,27,7,0xcf
369,70b3d54993208829,2017-05-19T09:05:40.000Z,45.70369,13.72007,59.45,439,70b3d5499ea1e804,0x81,0x81,True,1186506317,-37,26,7,0x9f
370,70b3d54993208829,2017-05-19T09:05:42.000Z,45.70369,13.72007,59.45,440,70b3d5499ea1e804,0xe5,0xe5,True,1188575328,-37,26,7,0x10
371,70b3d54993208829,2017-05-19T09:05:44.000Z,45.70369,13.72007,59.45,441,70b3d5499ea1e804,0x87,0x87,True,1190644354,-37,26,7,0x37
372,70b3d54993208829,2017-05-19T09:05:46.000Z,45.70369,13.72007,59.45,442,70b3d5499ea1e804,0x21,0x21,True,1192713577,-37,28,7,0xb6
373,70b3d54993208829,2017-05-19T09:05:50.000Z,45.70369,13.72007,59.45,444,70b3d5499ea1e804,0x74,0x74,True,1196851422,-37,27,7,0x4
374,70b3d54993208829,2017-05-19T09:05:52.000Z,45.70369,13.72007,59.45,445,70b3d5499ea1e804,0x16,0x16,True,1198920443,-37,28,7,0x57
375,70b3d54993208829,2017-05-19T09:05:54.000Z,45.70369,13.72007,59.45,446,70b3d5499ea1e804,0xb0,0xb0,True,1200989467,-37,28,7,0xcd
376,70b3d54993208829,2017-05-19T09:05:56.000Z,45.70369,13.72007,59.45,447,70b3d5499ea1e804,0xd2,0xd2,True,1203059478,-37,26,7,0x9f
377,70b3d54993208829,2017-05-19T09:05:58.000Z,45.70369,13.72007,59.45,448,70b3d5499ea1e804,0xde,0xde,True,1205128513,-37,27,7,0x5c
378,70b3d54993208829,2017-05-19T09:06:00.000Z,45.70369,13.72007,59.45,449,70b3d5499ea1e804,0xbc,0xbc,True,1207197535,-37,26,7,0xb1
379,70b3d54993208829,2017-05-19T09:06:03.000Z,45.70369,13.72007,59.45,450,70b3d5499ea1e804,0x3c,0x3c,True,1209266561,-37,27,7,0xf0
380,70b3d54993208829,2017-05-19T09:06:05.000Z,45.70369,13.72007,59.45,451,70b3d5499ea1e804,0x5e,0x5e,True,1211335583,-37,29,7,0xdf
381,70b3d54993208829,2017-05-19T09:06:07.000Z,45.70369,13.72007,59.45,452,70b3d5499ea1e804,0xf8,0xf8,True,1213404612,-36,27,7,0xd9
382,70b3d54993208829,2017-05-19T09:06:09.000Z,45.70369,13.72007,59.45,453,70b3d5499ea1e804,0x9a,0x9a,True,1215473631,-37,27,7,0xd9
383,70b3d54993208829,2017-05-19T09:06:11.000Z,45.70369,13.72007,59.45,454,70b3d5499ea1e804,0xad,0xad,True,1217542660,-37,29,7,0xf0
384,70b3d54993208829,2017-05-19T09:06:13.000Z,45.70369,13.72007,59.45,455,70b3d5499ea1e804,0xcf,0xcf,True,1219611672,-37,26,7,0x55
385,70b3d54993208829,2017-05-19T09:06:15.000Z,45.70369,13.72007,59.45,456,70b3d5499ea1e804,0x69,0x69,True,1221680691,-36,27,7,0x9c
386,70b3d54993208829,2017-05-19T09:06:17.000Z,45.70369,13.72007,59.45,457,70b3d5499ea1e80,0xb,0xd7,False,1223749679,-36,28,7,0xf5
387,70b3d54993208829,2017-05-19T09:06:19.000Z,45.70369,13.72007,59.45,458,70b3d5499ea1e80,0x7,0x7b,False,1225818697,-37,31,7,0xf8
388,70b3d54993208829,2017-05-19T09:06:21.000Z,45.70369,13.72007,59.45,459,70b3d5499ea1e804,0x65,0x65,True,1227887757,-36,27,7,0x54
389,70b3d54993208829,2017-05-19T09:06:23.000Z,45.70369,13.72007,59.45,460,70b3d5499ea1e804,0x4e,0x4e,True,1229956785,-37,26,7,0xae
390,70b3d54993208829,2017-05-19T09:06:25.000Z,45.70369,13.72007,59.45,461,70b3d5499ea1e804,0x2c,0x2c,True,1232025805,-37,27,7,0x2d
391,70b3d54993208829,2017-05-19T09:06:27.000Z,45.70369,13.72007,59.45,462,70b3d5499ea1e804,0x8a,0x8a,True,1234094822,-37,27,7,0xed
392,70b3d54993208829,2017-05-19T09:06:30.000Z,45.70369,13.72007,59.45,463,70b3d5499ea1e804,0xe8,0xe8,True,1236163861,-36,27,7,0x9f
393,70b3d54993208829,2017-05-19T09:06:31.000Z,45.70369,13.72007,59.45,464,70b3d5499ea1e804,0xdf,0xdf,True,1238232872,-36,28,7,0xf3
394,70b3d54993208829,2017-05-19T09:06:34.000Z,45.70369,13.72007,59.45,465,70b3d5499ea1e804,0xbd,0xbd,True,1240301891,-36,27,7,0x17
395,70b3d54993208829,2017-05-19T09:06:36.000Z,45.70369,13.72007,59.45,466,70b3d5499ea1e804,0x1b,0x1b,True,1242371021,-36,27,7,0xdb
396,70b3d54993208829,2017-05-19T09:06:38.000Z,45.70369,13.72007,59.45,467,70b3d5499ea1e804,0x79,0x79,True,1244439938,-36,27,7,0x44
397,70b3d54993208829,2017-05-19T09:06:40.000Z,45.70369,13.72007,59.45,468,70b3d5499ea1e804,0x75,0x75,True,1246508962,-37,27,7,0xb0
398,70b3d54993208829,2017-05-19T09:06:42.000Z,45.70369,13.72007,59.45,469,70b3d5499ea1e804,0x17,0x17,True,1248576985,-37,26,7,0x32
399,70b3d54993208829,2017-05-19T09:06:44.000Z,45.70369,13.72007,59.45,470,70b3d5499ea1e804,0x97,0x97,True,1250646011,-37,28,7,0x16
400,70b3d54993208829,2017-05-19T09:06:46.000Z,45.70369,13.72007,59.45,471,70b3d5499ea1e804,0xf5,0xf5,True,1252715033,-36,26,7,0x48
401,70b3d54993208829,2017-05-19T09:06:48.000Z,45.70369,13.72007,59.45,472,70b3d5499ea1e804,0x53,0x53,True,1254784056,-36,28,7,0x8e
402,70b3d54993208829,2017-05-19T09:06:50.000Z,45.70369,13.72007,59.45,473,70b3d5499ea1e804,0x31,0x31,True,1256853076,-36,27,7,0x80
403,70b3d54993208829,2017-05-19T09:06:52.000Z,45.70369,13.72007,59.45,474,70b3d5499ea1e80,0x6,0x62,False,1258922059,-36,29,7,0x36
404,70b3d54993208829,2017-05-19T09:06:54.000Z,45.70369,13.72007,59.45,475,70b3d5499ea1e804,0x64,0x64,True,1260991118,-36,27,7,0xf3
405,70b3d54993208829,2017-05-19T09:06:57.000Z,45.70369,13.72007,59.45,476,70b3d5499ea1e804,0xc2,0xc2,True,1263060146,-36,28,7,0x25
406,70b3d54993208829,2017-05-19T09:06:58.000Z,45.70369,13.72007,59.45,477,70b3d5499ea1e804,0xa0,0xa0,True,1265129165,-37,29,7,0x7a
407,70b3d54993208829,2017-05-19T09:07:01.000Z,45.70369,13.72007,59.45,478,70b3d5499ea1e804,0xac,0xac,True,1267198190,-37,29,7,0x77
408,70b3d54993208829,2017-05-19T09:07:01.000Z,45.70369,13.72007,59.45,479,70b3d5499ea1e804,0xce,0xce,True,1269267218,-36,25,7,0x4a
409,70b3d54993208829,2017-05-19T09:07:05.000Z,45.70369,13.72007,59.45,480,70b3d5499ea1e804,0x34,0x34,True,1271336245,-37,28,7,0x2d
410,70b3d54993208829,2017-05-19T09:07:05.000Z,45.70369,13.72007,59.45,481,70b3d5499ea1e804,0x56,0x56,True,1273405303,-37,28,7,0xc0
411,70b3d54993208829,2017-05-19T09:07:09.000Z,45.70369,13.72007,59.45,482,70b3d5499ea1e804,0xf0,0xf0,True,1275474279,-37,26,7,0xaf
412,70b3d54993208829,2017-05-19T09:07:11.000Z,45.70369,13.72007,59.45,483,70b3d5499ea1e804,0x92,0x92,True,1277543302,-39,27,7,0xd3
413,70b3d54993208829,2017-05-19T09:07:13.000Z,45.70369,13.72007,59.45,484,70b3d5499ea1e804,0xa5,0xa5,True,1279612321,-37,26,7,0x85
414,70b3d54993208829,2017-05-19T09:07:15.000Z,45.70369,13.72007,59.45,485,70b3d5499ea1e804,0xc7,0xc7,True,1281681346,-37,27,7,0x0
415,70b3d54993208829,2017-05-19T09:07:17.000Z,45.70369,13.72007,59.45,486,70b3d5499ea1e804,0x61,0x61,True,1283751370,-37,27,7,0x85
416,70b3d54993208829,2017-05-19T09:07:19.000Z,45.70369,13.72007,59.45,487,70b3d5499ea1e80,0x3,0x1f,False,1285820348,-39,28,7,0x4
417,70b3d54993208829,2017-05-19T09:07:21.000Z,45.70369,13.72007,59.45,488,70b3d5499ea1e80,0xf,0xb3,False,1287889376,-39,29,7,0x9f
418,70b3d54993208829,2017-05-19T09:07:23.000Z,45.70369,13.72007,59.45,489,70b3d5499ea1e804,0x6d,0x6d,True,1289958440,-40,28,7,0xd3
419,70b3d54993208829,2017-05-19T09:07:25.000Z,45.70369,13.72007,59.45,490,70b3d5499ea1e804,0xed,0xed,True,1292027463,-39,27,7,0x5c
420,70b3d54993208829,2017-05-19T09:07:27.000Z,45.70369,13.72007,59.45,491,70b3d5499ea1e804,0x8f,0x8f,True,1294096493,-39,26,7,0x13
421,70b3d54993208829,2017-05-19T09:07:29.000Z,45.70369,13.72007,59.45,492,70b3d5499ea1e804,0x29,0x29,True,1296165504,-37,28,7,0x40
422,70b3d54993208829,2017-05-19T09:07:32.000Z,45.70369,13.72007,59.45,493,70b3d5499ea1e804,0x4b,0x4b,True,1298234529,-37,29,7,0xce
423,70b3d54993208829,2017-05-19T09:07:33.000Z,45.70369,13.72007,59.45,494,70b3d5499ea1e804,0x7c,0x7c,True,1300303545,-39,28,7,0xdb
424,70b3d54993208829,2017-05-19T09:07:36.000Z,45.70369,13.72007,59.45,495,70b3d5499ea1e804,0x1e,0x1e,True,1302372572,-37,29,7,0xac
425,70b3d54993208829,2017-05-19T09:07:38.000Z,45.70369,13.72007,59.45,496,70b3d5499ea1e804,0xb8,0xb8,True,1304441592,-37,27,7,0x8f
426,70b3d54993208829,2017-05-19T09:07:40.000Z,45.70369,13.72007,59.45,497,70b3d5499ea1e804,0xda,0xda,True,1306510620,-37,27,7,0xe0
427,70b3d54993208829,2017-05-19T09:07:42.000Z,45.70369,13.72007,59.45,498,70b3d5499ea1e804,0xd6,0xd6,True,1308579643,-37,26,7,0xa8
428,70b3d54993208829,2017-05-19T09:07:44.000Z,45.70369,13.72007,59.45,499,70b3d5499ea1e804,0xb4,0xb4,True,1310648667,-37,29,7,0xe5
429,70b3d54993208829,2017-05-19T09:07:46.000Z,45.70369,13.72007,59.45,500,70b3d5499ea1e804,0x61,0x61,True,1312717685,-37,25,7,0xff
430,70b3d54993208829,2017-05-19T09:07:48.000Z,45.70369,13.72007,59.45,501,70b3d5499ea1e80,0x3,0x1f,False,1314786672,-37,31,7,0xba
431,70b3d54993208829,2017-05-19T09:07:50.000Z,45.70369,13.72007,59.45,502,70b3d5499ea1e804,0xa5,0xa5,True,1316855737,-37,28,7,0x94
432,70b3d54993208829,2017-05-19T09:07:52.000Z,45.70369,13.72007,59.45,503,70b3d5499ea1e804,0xc7,0xc7,True,1318924755,-37,28,7,0xa
433,70b3d54993208829,2017-05-19T09:07:54.000Z,45.70369,13.72007,59.45,504,70b3d5499ea1e804,0xf0,0xf0,True,1320993776,-37,28,7,0xde
434,70b3d54993208829,2017-05-19T09:07:56.000Z,45.70369,13.72007,59.45,505,70b3d5499ea1e804,0x92,0x92,True,1323062796,-37,27,7,0xce
435,70b3d54993208829,2017-05-19T09:07:59.000Z,45.70369,13.72007,59.45,506,70b3d5499ea1e804,0x34,0x34,True,1325131828,-37,28,7,0xfb
436,70b3d54993208829,2017-05-19T09:08:00.000Z,45.70369,13.72007,59.45,507,70b3d5499ea1e804,0x56,0x56,True,1327200843,-37,24,7,0xbf
437,70b3d54993208829,2017-05-19T09:08:03.000Z,45.70369,13.72007,59.45,508,70b3d5499ea1e804,0x5a,0x5a,True,1329269863,-37,28,7,0x22
438,70b3d54993208829,2017-05-19T09:08:05.000Z,45.70369,13.72007,59.45,509,70b3d5499ea1e804,0x38,0x38,True,1331338889,-37,28,7,0xeb
439,70b3d54993208829,2017-05-19T09:08:07.000Z,45.70369,13.72007,59.45,510,70b3d5499ea1e804,0xb8,0xb8,True,1333407913,-37,27,7,0xb7
440,70b3d54993208829,2017-05-19T09:08:07.000Z,45.70369,13.72007,59.45,511,70b3d5499ea1e804,0xda,0xda,True,1335476939,-37,27,7,0x75
441,70b3d54993208829,2017-05-19T09:08:11.000Z,45.70369,13.72007,59.45,512,70b3d5499ea1e804,0x7c,0x7c,True,1337545952,-37,26,7,0xd9
442,70b3d54993208829,2017-05-19T09:08:13.000Z,45.70369,13.72007,59.45,513,70b3d5499ea1e804,0x1e,0x1e,True,1339614980,-37,27,7,0x1b
443,70b3d54993208829,2017-05-19T09:08:15.000Z,45.70369,13.72007,59.45,514,70b3d5499ea1e804,0x29,0x29,True,1341683996,-37,25,7,0x2f
444,70b3d54993208829,2017-05-19T09:08:17.000Z,45.70369,13.72007,59.45,515,70b3d5499ea1e804,0x4b,0x4b,True,1343753024,-37,28,7,0xfa
445,70b3d54993208829,2017-05-19T09:08:19.000Z,45.70369,13.72007,59.45,516,70b3d5499ea1e804,0xed,0xed,True,1345822043,-37,24,7,0xf1
446,70b3d54993208829,2017-05-19T09:08:21.000Z,45.70369,13.72007,59.45,517,70b3d5499ea1e804,0x8f,0x8f,True,1347891075,-39,29,7,0x80
447,70b3d54993208829,2017-05-19T09:08:23.000Z,45.70369,13.72007,59.45,518,70b3d5499ea1e804,0x83,0x83,True,1349960092,-39,27,7,0xa4
448,70b3d54993208829,2017-05-19T09:08:25.000Z,45.70369,13.72007,59.45,519,70b3d5499ea1e804,0xe1,0xe1,True,1352029106,-37,26,7,0x32
449,70b3d54993208829,2017-05-19T09:08:27.000Z,45.70369,13.72007,59.45,520,70b3d5499ea1e804,0xca,0xca,True,1354099132,-39,27,7,0x31
450,70b3d54993208829,2017-05-19T09:08:30.000Z,45.70369,13.72007,59.45,521,70b3d5499ea1e804,0xa8,0xa8,True,1356168161,-39,28,7,0x30
451,70b3d54993208829,2017-05-19T09:08:31.000Z,45.70369,13.72007,59.45,522,70b3d5499ea1e80,0xe,0xaa,False,1358237141,-40,28,7,0xc0
452,70b3d54993208829,2017-05-19T09:08:34.000Z,45.70369,13.72007,59.45,523,70b3d5499ea1e804,0x6c,0x6c,True,1360306203,-40,28,7,0x91
453,70b3d54993208829,2017-05-19T09:08:36.000Z,45.70369,13.72007,59.45,524,70b3d5499ea1e804,0x5b,0x5b,True,1362375232,-37,29,7,0x4d
454,70b3d54993208829,2017-05-19T09:08:38.000Z,45.70369,13.72007,59.45,525,70b3d5499ea1e804,0x39,0x39,True,1364445242,-37,27,7,0xeb
455,70b3d54993208829,2017-05-19T09:08:40.000Z,45.70369,13.72007,59.45,526,70b3d5499ea1e804,0x9f,0x9f,True,1366514269,-36,26,7,0xb2
456,70b3d54993208829,2017-05-19T09:08:42.000Z,45.70369,13.72007,59.45,527,70b3d5499ea1e804,0xfd,0xfd,True,1368583292,-36,28,7,0xa5
457,70b3d54993208829,2017-05-19T09:08:44.000Z,45.70369,13.72007,59.45,528,70b3d5499ea1e804,0xf1,0xf1,True,1370652323,-37,26,7,0x60
458,70b3d54993208829,2017-05-19T09:08:46.000Z,45.70369,13.72007,59.45,529,70b3d5499ea1e804,0x93,0x93,True,1372721343,-36,27,7,0x5d
459,70b3d54993208829,2017-05-19T09:08:50.000Z,45.70369,13.72007,59.45,531,70b3d5499ea1e804,0x71,0x71,True,1376859387,-37,27,7,0xa0
460,70b3d54993208829,2017-05-19T09:08:52.000Z,45.70369,13.72007,59.45,532,70b3d5499ea1e804,0xd7,0xd7,True,1378928411,-37,28,7,0x72
461,70b3d54993208829,2017-05-19T09:08:54.000Z,45.70369,13.72007,59.45,533,70b3d5499ea1e804,0xb5,0xb5,True,1380997426,-37,28,7,0x25
462,70b3d54993208829,2017-05-19T09:08:56.000Z,45.70369,13.72007,59.45,534,70b3d5499ea1e804,0x82,0x82,True,1383066449,-37,26,7,0x43
463,70b3d54993208829,2017-05-19T09:08:58.000Z,45.70369,13.72007,59.45,535,70b3d5499ea1e804,0xe0,0xe0,True,1385135468,-37,28,7,0x88
464,70b3d54993208829,2017-05-19T09:09:01.000Z,45.70369,13.72007,59.45,536,70b3d5499ea1e804,0x46,0x46,True,1387204499,-36,26,7,0x31
465,70b3d54993208829,2017-05-19T09:09:03.000Z,45.70369,13.72007,59.45,537,70b3d5499ea1e804,0x24,0x24,True,1389273522,-37,29,7,0x61
466,70b3d54993208829,2017-05-19T09:09:05.000Z,45.70369,13.72007,59.45,538,70b3d5499ea1e804,0x28,0x28,True,1391342546,-37,27,7,0x16
467,70b3d54993208829,2017-05-19T09:09:07.000Z,45.70369,13.72007,59.45,539,70b3d5499ea1e804,0x4a,0x4a,True,1393411562,-37,29,7,0xa7
468,70b3d54993208829,2017-05-19T09:09:09.000Z,45.70369,13.72007,59.45,540,70b3d5499ea1e804,0x2e,0x2e,True,1395480588,-37,28,7,0xd8
469,70b3d54993208829,2017-05-19T09:09:11.000Z,45.70369,13.72007,59.45,541,70b3d5499ea1e804,0x4c,0x4c,True,1397549610,-37,28,7,0x75
470,70b3d54993208829,2017-05-19T09:09:13.000Z,45.70369,13.72007,59.45,542,70b3d5499ea1e804,0xea,0xea,True,1399618630,-37,27,7,0x82
471,70b3d54993208829,2017-05-19T09:09:15.000Z,45.70369,13.72007,59.45,543,70b3d5499ea1e804,0x88,0x88,True,1401687652,-37,26,7,0x22
472,70b3d54993208829,2017-05-19T09:09:17.000Z,45.70369,13.72007,59.45,544,70b3d5499ea1e804,0xbf,0xbf,True,1403756680,-37,27,7,0x9d
473,70b3d54993208829,2017-05-19T09:09:19.000Z,45.70369,13.72007,59.45,545,70b3d5499ea1e804,0xdd,0xdd,True,1405825700,-37,29,7,0x17
474,70b3d54993208829,2017-05-19T09:09:21.000Z,45.70369,13.72007,59.45,546,70b3d5499ea1e804,0x7b,0x7b,True,1407894723,-37,26,7,0x71
475,70b3d54993208829,2017-05-19T09:09:23.000Z,45.70369,13.72007,59.45,547,70b3d5499ea1e804,0x19,0x19,True,1409963748,-37,27,7,0x72
476,70b3d54993208829,2017-05-19T09:09:25.000Z,45.70369,13.72007,59.45,548,70b3d5499ea1e804,0x15,0x15,True,1412032770,-37,29,7,0x9b
477,70b3d54993208829,2017-05-19T09:09:27.000Z,45.70369,13.72007,59.45,549,70b3d5499ea1e804,0x77,0x77,True,1414101793,-37,29,7,0xdd
478,70b3d54993208829,2017-05-19T09:09:29.000Z,45.70369,13.72007,59.45,550,70b3d5499ea1e804,0xf7,0xf7,True,1416170810,-37,26,7,0x35
479,70b3d54993208829,2017-05-19T09:09:32.000Z,45.70369,13.72007,59.45,551,70b3d5499ea1e804,0x95,0x95,True,1418239841,-37,29,7,0x2
480,70b3d54993208829,2017-05-19T09:09:34.000Z,45.70369,13.72007,59.45,552,70b3d5499ea1e804,0x33,0x33,True,1420308856,-37,26,7,0xe7
481,70b3d54993208829,2017-05-19T09:09:36.000Z,45.70369,13.72007,59.45,553,70b3d5499ea1e804,0x51,0x51,True,1422377882,-37,27,7,0xed
482,70b3d54993208829,2017-05-19T09:09:38.000Z,45.70369,13.72007,59.45,554,70b3d5499ea1e804,0x66,0x66,True,1424446900,-37,29,7,0xee
483,70b3d54993208829,2017-05-19T09:09:40.000Z,45.70369,13.72007,59.45,555,70b3d5499ea1e80,0x4,0x50,False,1426515891,-37,29,7,0x72
484,70b3d54993208829,2017-05-19T09:09:42.000Z,45.70369,13.72007,59.45,556,70b3d5499ea1e804,0xa2,0xa2,True,1428584947,-37,29,7,0x72
485,70b3d54993208829,2017-05-19T09:09:44.000Z,45.70369,13.72008,59.45,557,70b3d5499ea1e804,0xc0,0xc0,True,1430653967,-37,28,7,0xf6
486,70b3d54993208829,2017-05-19T09:09:46.000Z,45.70369,13.72008,59.45,558,70b3d5499ea1e804,0xcc,0xcc,True,1432722983,-37,27,7,0x26
487,70b3d54993208829,2017-05-19T09:09:48.000Z,45.70369,13.72008,59.45,559,70b3d5499ea1e804,0xae,0xae,True,1434793015,-37,25,7,0x40
488,70b3d54993208829,2017-05-19T09:09:50.000Z,45.70369,13.72008,59.45,560,70b3d5499ea1e804,0x85,0x85,True,1436862038,-37,28,7,0x11
489,70b3d54993208829,2017-05-19T09:09:52.000Z,45.70369,13.72008,59.45,561,70b3d5499ea1e804,0xe7,0xe7,True,1438931061,-37,29,7,0x96
490,70b3d54993208829,2017-05-19T09:09:54.000Z,45.70369,13.72008,59.45,562,70b3d5499ea1e804,0x41,0x41,True,1441000073,-37,28,7,0xd2
491,70b3d54993208829,2017-05-19T09:09:56.000Z,45.70369,13.72007,59.45,563,70b3d5499ea1e804,0x23,0x23,True,1443069111,-37,26,7,0xc4
492,70b3d54993208829,2017-05-19T09:10:01.000Z,45.70369,13.72007,59.45,565,70b3d5499ea1e804,0x76,0x76,True,1447210150,-37,27,7,0x2a
493,70b3d54993208829,2017-05-19T09:10:02.000Z,45.70369,13.72007,59.45,566,70b3d5499ea1e804,0xd0,0xd0,True,1449279173,-37,28,7,0x8b
494,70b3d54993208829,2017-05-19T09:10:05.000Z,45.70369,13.72007,59.45,567,70b3d5499ea1e804,0xb2,0xb2,True,1451348197,-37,26,7,0xd2
495,70b3d54993208829,2017-05-19T09:10:07.000Z,45.70369,13.72007,59.45,568,70b3d5499ea1e804,0xbe,0xbe,True,1453417217,-37,28,7,0x24
496,70b3d54993208829,2017-05-19T09:10:09.000Z,45.70369,13.72007,59.45,569,70b3d5499ea1e804,0xdc,0xdc,True,1455486242,-37,26,7,0x63
497,70b3d54993208829,2017-05-19T09:10:13.000Z,45.70369,13.72007,59.45,571,70b3d5499ea1e804,0x3e,0x3e,True,1459624287,-39,27,7,0xaa
498,70b3d54993208829,2017-05-19T09:10:15.000Z,45.70369,13.72007,59.45,572,70b3d5499ea1e804,0x98,0x98,True,1461693303,-37,26,7,0x5f
499,70b3d54993208829,2017-05-19T09:10:17.000Z,45.70369,13.72007,59.45,573,70b3d5499ea1e804,0xfa,0xfa,True,1463762331,-39,27,7,0x58
500,70b3d54993208829,2017-05-19T09:10:19.000Z,45.70369,13.72007,59.45,574,70b3d5499ea1e804,0xcd,0xcd,True,1465831350,-37,27,7,0x39
501,70b3d54993208829,2017-05-19T09:10:21.000Z,45.70369,13.72007,59.45,575,70b3d5499ea1e804,0xaf,0xaf,True,1467900381,-37,27,7,0x39
502,70b3d54993208829,2017-05-19T09:10:23.000Z,45.70369,13.72007,59.45,576,70b3d5499ea1e80,0x9,0xe5,False,1469969357,-37,27,7,0xc3
503,70b3d54993208829,2017-05-19T09:10:25.000Z,45.70369,13.72007,59.45,577,70b3d5499ea1e804,0x6b,0x6b,True,1472038417,-37,26,7,0x97
504,70b3d54993208829,2017-05-19T09:10:28.000Z,45.70369,13.72007,59.45,578,70b3d5499ea1e804,0x67,0x67,True,1474107440,-37,28,7,0xaa
505,70b3d54993208829,2017-05-19T09:10:30.000Z,45.70369,13.72007,59.45,579,70b3d5499ea1e80,0x5,0x49,False,1476177427,-37,28,7,0x37
506,70b3d54993208829,2017-05-19T09:10:31.000Z,45.70369,13.72007,59.45,580,70b3d5499ea1e804,0xff,0xff,True,1478246501,-37,29,7,0xfd
507,70b3d54993208829,2017-05-19T09:10:34.000Z,45.70369,13.72007,59.45,581,70b3d5499ea1e804,0x9d,0x9d,True,1480315518,-37,25,7,0x6
508,70b3d54993208829,2017-05-19T09:10:36.000Z,45.70369,13.72007,59.45,582,70b3d5499ea1e804,0x3b,0x3b,True,1482384538,-37,25,7,0x5c
509,70b3d54993208829,2017-05-19T09:10:38.000Z,45.70369,13.72007,59.45,583,70b3d5499ea1e804,0x59,0x59,True,1484453657,-37,28,7,0x10
510,70b3d54993208829,2017-05-19T09:10:40.000Z,45.70369,13.72007,59.45,584,70b3d5499ea1e804,0x6e,0x6e,True,1486522577,-37,28,7,0x87
511,70b3d54993208829,2017-05-19T09:10:42.000Z,45.70369,13.72007,59.45,585,70b3d5499ea1e80,0xc,0x98,False,1488591553,-39,28,7,0x2b
512,70b3d54993208829,2017-05-19T09:10:44.000Z,45.70369,13.72007,59.45,586,70b3d5499ea1e804,0xaa,0xaa,True,1490660624,-37,26,7,0xb5
513,70b3d54993208829,2017-05-19T09:10:46.000Z,45.70369,13.72007,59.45,587,70b3d5499ea1e804,0xc8,0xc8,True,1492729643,-37,27,7,0xc8
514,70b3d54993208829,2017-05-19T09:10:48.000Z,45.70369,13.72007,59.45,588,70b3d5499ea1e804,0xc4,0xc4,True,1494799664,-37,28,7,0xfa
515,70b3d54993208829,2017-05-19T09:10:50.000Z,45.70369,13.72007,59.45,589,70b3d5499ea1e804,0xa6,0xa6,True,1496868692,-37,28,7,0xc3
516,70b3d54993208829,2017-05-19T09:10:52.000Z,45.70369,13.72007,59.45,590,70b3d5499ea1e804,0x26,0x26,True,1498937715,-37,26,7,0x3f
517,70b3d54993208829,2017-05-19T09:10:54.000Z,45.70369,13.72007,59.45,591,70b3d5499ea1e804,0x44,0x44,True,1501006734,-37,26,7,0x6
518,70b3d54993208829,2017-05-19T09:10:56.000Z,45.70369,13.72007,59.45,592,70b3d5499ea1e804,0xe2,0xe2,True,1503075760,-37,26,7,0x2d
519,70b3d54993208829,2017-05-19T09:10:59.000Z,45.70369,13.72007,60.45,593,70b3d5499ea1e804,0x80,0x80,True,1505144781,-37,28,7,0x52
520,70b3d54993208829,2017-05-19T09:11:00.000Z,45.70369,13.72007,60.45,594,70b3d5499ea1e804,0xb7,0xb7,True,1507213807,-37,27,7,0xf9
521,70b3d54993208829,2017-05-19T09:11:03.000Z,45.70369,13.72007,59.45,595,70b3d5499ea1e804,0xd5,0xd5,True,1509282825,-37,29,7,0x7c
522,70b3d54993208829,2017-05-19T09:11:05.000Z,45.70369,13.72007,59.45,596,70b3d5499ea1e804,0x73,0x73,True,1511351851,-37,28,7,0xcf
523,70b3d54993208829,2017-05-19T09:11:07.000Z,45.70369,13.72007,59.45,597,70b3d5499ea1e804,0x11,0x11,True,1513420874,-37,28,7,0x50
524,70b3d54993208829,2017-05-19T09:11:09.000Z,45.70369,13.72007,59.45,598,70b3d5499ea1e804,0x1d,0x1d,True,1515489898,-37,28,7,0x4a
525,70b3d54993208829,2017-05-19T09:11:11.000Z,45.70369,13.72007,59.45,599,70b3d5499ea1e804,0x7f,0x7f,True,1517558913,-37,23,7,0x9d
526,70b3d54993208829,2017-05-19T09:11:13.000Z,45.70369,13.72007,59.45,600,70b3d5499ea1e804,0x25,0x25,True,1519627930,-37,27,7,0x42
527,70b3d54993208829,2017-05-19T09:11:15.000Z,45.70369,13.72007,59.45,601,70b3d5499ea1e804,0x47,0x47,True,1521696960,-37,30,7,0x15
528,70b3d54993208829,2017-05-19T09:11:17.000Z,45.70369,13.72007,59.45,602,70b3d5499ea1e804,0xe1,0xe1,True,1523765992,-37,27,7,0xe9
529,70b3d54993208829,2017-05-19T09:11:19.000Z,45.70369,13.72007,59.45,603,70b3d5499ea1e804,0x83,0x83,True,1525835004,-36,27,7,0x9d
530,70b3d54993208829,2017-05-19T09:11:21.000Z,45.70369,13.72007,59.45,604,70b3d5499ea1e804,0xb4,0xb4,True,1527904031,-37,29,7,0x9e
531,70b3d54993208829,2017-05-19T09:11:23.000Z,45.70369,13.72007,59.45,605,70b3d5499ea1e804,0xd6,0xd6,True,1529973057,-37,26,7,0x3e
532,70b3d54993208829,2017-05-19T09:11:25.000Z,45.70369,13.72007,59.45,606,70b3d5499ea1e804,0x70,0x70,True,1532042077,-37,26,7,0xb0
533,70b3d54993208829,2017-05-19T09:11:27.000Z,45.70369,13.72007,59.45,607,70b3d5499ea1e804,0x12,0x12,True,1534111099,-39,27,7,0x5d
534,70b3d54993208829,2017-05-19T09:11:30.000Z,45.70369,13.72007,59.45,608,70b3d5499ea1e804,0x1e,0x1e,True,1536180121,-36,27,7,0xd3
535,70b3d54993208829,2017-05-19T09:11:32.000Z,45.70369,13.72007,59.45,609,70b3d5499ea1e804,0x7c,0x7c,True,1538249148,-37,29,7,0x25
536,70b3d54993208829,2017-05-19T09:11:34.000Z,45.70369,13.72007,59.45,610,70b3d5499ea1e804,0xfc,0xfc,True,1540318168,-37,27,7,0x60
537,70b3d54993208829,2017-05-19T09:11:36.000Z,45.70369,13.72007,59.45,611,70b3d5499ea1e804,0x9e,0x9e,True,1542387188,-37,27,7,0x5d
538,70b3d54993208829,2017-05-19T09:11:38.000Z,45.70369,13.72007,59.45,612,70b3d5499ea1e804,0x38,0x38,True,1544456203,-37,26,7,0x1e
539,70b3d54993208829,2017-05-19T09:11:40.000Z,45.70369,13.72007,59.45,613,70b3d5499ea1e804,0x5a,0x5a,True,1546525232,-37,27,7,0x61
540,70b3d54993208829,2017-05-19T09:11:41.000Z,45.70369,13.72007,59.45,614,70b3d5499ea1e804,0x6d,0x6d,True,1548594256,-37,28,7,0x6c
541,70b3d54993208829,2017-05-19T09:11:44.000Z,45.70369,13.72008,59.45,615,70b3d5499ea1e80,0xf,0xb3,False,1550663242,-37,28,7,0x1c
542,70b3d54993208829,2017-05-19T09:11:46.000Z,45.70369,13.72008,59.45,616,70b3d5499ea1e804,0xa9,0xa9,True,1552732297,-36,25,7,0x8d
543,70b3d54993208829,2017-05-19T09:11:48.000Z,45.70369,13.72008,59.45,617,70b3d5499ea1e804,0xcb,0xcb,True,1554801320,-36,28,7,0x8a
544,70b3d54993208829,2017-05-19T09:11:50.000Z,45.70369,13.72008,59.45,618,70b3d5499ea1e804,0xc7,0xc7,True,1556870340,-36,25,7,0xd7
545,70b3d54993208829,2017-05-19T09:11:52.000Z,45.70369,13.72008,59.45,619,70b3d5499ea1e804,0xa5,0xa5,True,1558939377,-36,28,7,0xa6
546,70b3d54993208829,2017-05-19T09:11:54.000Z,45.70369,13.72008,59.45,620,70b3d5499ea1e804,0x8e,0x8e,True,1561008386,-36,28,7,0xd8
547,70b3d54993208829,2017-05-19T09:11:56.000Z,45.70369,13.72008,59.45,621,70b3d5499ea1e804,0xec,0xec,True,1563077419,-36,28,7,0x4b
548,70b3d54993208829,2017-05-19T09:11:59.000Z,45.70369,13.72008,59.45,622,70b3d5499ea1e804,0x4a,0x4a,True,1565147426,-37,26,7,0x85
549,70b3d54993208829,2017-05-19T09:12:00.000Z,45.70369,13.72008,59.45,623,70b3d5499ea1e804,0x28,0x28,True,1567216458,-36,26,7,0xbe
550,70b3d54993208829,2017-05-19T09:12:03.000Z,45.70369,13.72008,59.45,624,70b3d5499ea1e804,0x1f,0x1f,True,1569285479,-40,28,7,0xbf
551,70b3d54993208829,2017-05-19T09:12:05.000Z,45.70369,13.72008,59.45,625,70b3d5499ea1e804,0x7d,0x7d,True,1571354505,-33,29,7,0x84
552,70b3d54993208829,2017-05-19T09:12:07.000Z,45.70369,13.72008,59.45,626,70b3d5499ea1e804,0xdb,0xdb,True,1573423527,-33,29,7,0xc1
553,70b3d54993208829,2017-05-19T09:12:09.000Z,45.70369,13.72008,59.45,627,70b3d5499ea1e804,0xb9,0xb9,True,1575493551,-33,30,7,0x4
554,70b3d54993208829,2017-05-19T09:12:11.000Z,45.70369,13.72008,59.45,628,70b3d5499ea1e804,0xb5,0xb5,True,1577562581,-33,27,7,0x88
555,70b3d54993208829,2017-05-19T09:12:13.000Z,45.70369,13.72008,59.45,629,70b3d5499ea1e804,0xd7,0xd7,True,1579631595,-33,28,7,0xdb
556,70b3d54993208829,2017-05-19T09:12:15.000Z,45.70369,13.72008,59.45,630,70b3d5499ea1e804,0x57,0x57,True,1581700614,-33,26,7,0x2c
557,70b3d54993208829,2017-05-19T09:12:17.000Z,45.70369,13.72008,59.45,631,70b3d5499ea1e804,0x35,0x35,True,1583769636,-33,30,7,0x77
558,70b3d54993208829,2017-05-19T09:12:19.000Z,45.70369,13.72008,59.45,632,70b3d5499ea1e804,0x93,0x93,True,1585838662,-33,31,7,0xa0
559,70b3d54993208829,2017-05-19T09:12:21.000Z,45.70369,13.72008,59.45,633,70b3d5499ea1e804,0xf1,0xf1,True,1587907687,-32,26,7,0xfd
560,70b3d54993208829,2017-05-19T09:12:23.000Z,45.70369,13.72008,59.45,634,70b3d5499ea1e804,0xc6,0xc6,True,1589976712,-33,29,7,0xa5
561,70b3d54993208829,2017-05-19T09:12:25.000Z,45.70369,13.72008,59.45,635,70b3d5499ea1e804,0xa4,0xa4,True,1592045735,-33,28,7,0x46
562,70b3d54993208829,2017-05-19T09:12:27.000Z,45.70369,13.72008,59.45,636,70b3d5499ea1e80,0x2,0x6,False,1594114718,-33,28,7,0x18
563,70b3d54993208829,2017-05-19T09:12:30.000Z,45.70369,13.72008,59.45,637,70b3d5499ea1e804,0x60,0x60,True,1596183776,-34,29,7,0xf8
564,70b3d54993208829,2017-05-19T09:12:31.000Z,45.70369,13.72008,59.45,638,70b3d5499ea1e804,0x6c,0x6c,True,1598252800,-34,29,7,0xec
565,70b3d54993208829,2017-05-19T09:12:34.000Z,45.70369,13.72008,59.45,639,70b3d5499ea1e80,0xe,0xaa,False,1600321782,-33,30,7,0xad
566,70b3d54993208829,2017-05-19T09:12:36.000Z,45.70369,13.72008,59.45,640,70b3d5499ea1e804,0x6a,0x6a,True,1602390844,-33,28,7,0x3d
567,70b3d54993208829,2017-05-19T09:12:38.000Z,45.70369,13.72008,59.45,641,70b3d5499ea1e80,0x8,0xfc,False,1604459821,-33,26,7,0x5c
568,70b3d54993208829,2017-05-19T09:12:40.000Z,45.70369,13.72008,59.45,642,70b3d5499ea1e804,0xae,0xae,True,1606528884,-33,28,7,0x80
569,70b3d54993208829,2017-05-19T09:12:42.000Z,45.70369,13.72008,59.45,643,70b3d5499ea1e804,0xcc,0xcc,True,1608597917,-33,29,7,0x24
570,70b3d54993208829,2017-05-19T09:12:44.000Z,45.70369,13.72008,59.45,644,70b3d5499ea1e804,0xfb,0xfb,True,1610666939,-34,28,7,0xf8
571,70b3d54993208829,2017-05-19T09:12:46.000Z,45.70369,13.72008,59.45,645,70b3d5499ea1e804,0x99,0x99,True,1612735955,-34,29,7,0xce
572,70b3d54993208829,2017-05-19T09:12:48.000Z,45.70369,13.72008,59.45,646,70b3d5499ea1e804,0x3f,0x3f,True,1614805980,-33,27,7,0x54
573,70b3d54993208829,2017-05-19T09:12:50.000Z,45.70369,13.72008,59.45,647,70b3d5499ea1e804,0x5d,0x5d,True,1616875115,-32,27,7,0x15
574,70b3d54993208829,2017-05-19T09:12:52.000Z,45.70369,13.72008,59.45,648,70b3d5499ea1e804,0x51,0x51,True,1618944028,-32,27,7,0x41
575,70b3d54993208829,2017-05-19T09:12:54.000Z,45.70369,13.72008,59.45,649,70b3d5499ea1e804,0x33,0x33,True,1621013043,-33,24,7,0x3b
576,70b3d54993208829,2017-05-19T09:12:57.000Z,45.70369,13.72008,59.45,650,70b3d5499ea1e804,0xb3,0xb3,True,1623081072,-33,27,7,0x1a
577,70b3d54993208829,2017-05-19T09:12:58.000Z,45.70369,13.72008,59.45,651,70b3d5499ea1e804,0xd1,0xd1,True,1625150098,-32,27,7,0x9c
578,70b3d54993208829,2017-05-19T09:13:01.000Z,45.70369,13.72008,59.45,652,70b3d5499ea1e804,0x77,0x77,True,1627219118,-33,27,7,0x60
579,70b3d54993208829,2017-05-19T09:13:03.000Z,45.70369,13.72008,59.45,653,70b3d5499ea1e804,0x15,0x15,True,1629288139,-33,28,7,0x8f
580,70b3d54993208829,2017-05-19T09:13:05.000Z,45.70369,13.72008,59.45,654,70b3d5499ea1e804,0x22,0x22,True,1631357158,-33,27,7,0x86
581,70b3d54993208829,2017-05-19T09:13:07.000Z,45.70369,13.72008,59.45,655,70b3d5499ea1e804,0x40,0x40,True,1633426184,-33,29,7,0xe2
582,70b3d54993208829,2017-05-19T09:13:09.000Z,45.70369,13.72008,59.45,656,70b3d5499ea1e804,0xe6,0xe6,True,1635495205,-33,29,7,0xa6
583,70b3d54993208829,2017-05-19T09:13:11.000Z,45.70369,13.72008,59.45,657,70b3d5499ea1e804,0x84,0x84,True,1637564221,-33,29,7,0xe
584,70b3d54993208829,2017-05-19T09:13:13.000Z,45.70369,13.72008,59.45,658,70b3d5499ea1e804,0x88,0x88,True,1639633253,-34,27,7,0x1f
585,70b3d54993208829,2017-05-19T09:13:15.000Z,45.70369,13.72008,59.45,659,70b3d5499ea1e804,0xea,0xea,True,1641702267,-33,28,7,0x5b
586,70b3d54993208829,2017-05-19T09:13:17.000Z,45.70369,13.72008,59.45,660,70b3d5499ea1e804,0xc1,0xc1,True,1643771301,-33,29,7,0x8e
587,70b3d54993208829,2017-05-19T09:13:19.000Z,45.70369,13.72008,59.45,661,70b3d5499ea1e804,0xa3,0xa3,True,1645841307,-33,27,7,0xf6
588,70b3d54993208829,2017-05-19T09:13:21.000Z,45.70369,13.72008,59.45,662,70b3d5499ea1e80,0x5,0x49,False,1647910298,-34,28,7,0xac
589,70b3d54993208829,2017-05-19T09:13:23.000Z,45.70369,13.72008,59.45,663,70b3d5499ea1e804,0x67,0x67,True,1649979362,-33,29,7,0x79
590,70b3d54993208829,2017-05-19T09:13:25.000Z,45.70369,13.72008,59.45,664,70b3d5499ea1e804,0x50,0x50,True,1652048377,-34,27,7,0xf1
591,70b3d54993208829,2017-05-19T09:13:27.000Z,45.70369,13.72008,59.45,665,70b3d5499ea1e804,0x32,0x32,True,1654117402,-33,28,7,0xd2
592,70b3d54993208829,2017-05-19T09:13:29.000Z,45.70369,13.72008,59.45,666,70b3d5499ea1e804,0x94,0x94,True,1656186424,-34,27,7,0x51
593,70b3d54993208829,2017-05-19T09:13:32.000Z,45.70369,13.72008,59.45,667,70b3d5499ea1e804,0xf6,0xf6,True,1658255458,-33,29,7,0x47
594,70b3d54993208829,2017-05-19T09:13:33.000Z,45.70369,13.72008,59.45,668,70b3d5499ea1e804,0xfa,0xfa,True,1660324475,-33,28,7,0x83
595,70b3d54993208829,2017-05-19T09:13:36.000Z,45.70369,13.72008,59.45,669,70b3d5499ea1e804,0x98,0x98,True,1662393498,-33,28,7,0x3a
596,70b3d54993208829,2017-05-19T09:13:38.000Z,45.70369,13.72008,59.45,670,70b3d5499ea1e804,0x18,0x18,True,1664462519,-33,28,7,0x83
597,70b3d54993208829,2017-05-19T09:13:40.000Z,45.70369,13.72008,59.45,671,70b3d5499ea1e804,0x7a,0x7a,True,1666531543,-34,25,7,0x3b
598,70b3d54993208829,2017-05-19T09:13:42.000Z,45.70369,13.72008,59.45,672,70b3d5499ea1e804,0xdc,0xdc,True,1668600565,-33,27,7,0xfb
599,70b3d54993208829,2017-05-19T09:13:44.000Z,45.70369,13.72008,59.45,673,70b3d5499ea1e804,0xbe,0xbe,True,1670669589,-33,27,7,0x96
600,70b3d54993208829,2017-05-19T09:13:46.000Z,45.70369,13.72008,59.45,674,70b3d5499ea1e804,0x89,0x89,True,1672738609,-32,27,7,0x4f
601,70b3d54993208829,2017-05-19T09:13:48.000Z,45.7037,13.72008,59.45,675,70b3d5499ea1e804,0xeb,0xeb,True,1674807636,-34,31,7,0x22
602,70b3d54993208829,2017-05-19T09:13:50.000Z,45.7037,13.72008,59.45,676,70b3d5499ea1e804,0x4d,0x4d,True,1676876652,-33,28,7,0xdb
603,70b3d54993208829,2017-05-19T09:13:52.000Z,45.7037,13.72008,59.45,677,70b3d5499ea1e804,0x2f,0x2f,True,1678945680,-35,28,7,0x40
604,70b3d54993208829,2017-05-19T09:13:54.000Z,45.7037,13.72008,59.45,678,70b3d5499ea1e804,0x23,0x23,True,1681014698,-31,29,7,0xec
605,70b3d54993208829,2017-05-19T09:13:56.000Z,45.7037,13.72008,59.45,679,70b3d5499ea1e804,0x41,0x41,True,1683083722,-31,27,7,0xba
606,70b3d54993208829,2017-05-19T09:13:58.000Z,45.7037,13.72008,59.45,680,70b3d5499ea1e804,0xbb,0xbb,True,1685152737,-33,28,7,0xd
607,70b3d54993208829,2017-05-19T09:14:00.000Z,45.7037,13.72008,59.45,681,70b3d5499ea1e804,0xd9,0xd9,True,1687221761,-33,28,7,0x89
608,70b3d54993208829,2017-05-19T09:14:03.000Z,45.7037,13.72008,59.45,682,70b3d5499ea1e804,0x7f,0x7f,True,1689290793,-31,27,7,0xde
609,70b3d54993208829,2017-05-19T09:14:05.000Z,45.7037,13.72008,59.45,683,70b3d5499ea1e804,0x1d,0x1d,True,1691359817,-31,26,7,0x3f
610,70b3d54993208829,2017-05-19T09:14:07.000Z,45.7037,13.72008,59.45,684,70b3d5499ea1e804,0x2a,0x2a,True,1693428834,-31,26,7,0xb8
611,70b3d54993208829,2017-05-19T09:14:07.000Z,45.7037,13.72008,59.45,685,70b3d5499ea1e804,0x48,0x48,True,1695497849,-33,27,7,0x31
612,70b3d54993208829,2017-05-19T09:14:11.000Z,45.7037,13.72008,59.45,686,70b3d5499ea1e804,0xee,0xee,True,1697566881,-32,27,7,0x79
613,70b3d54993208829,2017-05-19T09:14:13.000Z,45.7037,13.72008,59.45,687,70b3d5499ea1e804,0x8c,0x8c,True,1699635903,-34,26,7,0x5b
614,70b3d54993208829,2017-05-19T09:14:15.000Z,45.7037,13.72008,59.45,688,70b3d5499ea1e804,0x80,0x80,True,1701704926,-31,28,7,0x50
615,70b3d54993208829,2017-05-19T09:14:17.000Z,45.7037,13.72008,59.45,689,70b3d5499ea1e804,0xe2,0xe2,True,1703773952,-31,26,7,0x73
616,70b3d54993208829,2017-05-19T09:14:19.000Z,45.7037,13.72008,59.45,690,70b3d5499ea1e804,0x62,0x62,True,1705842964,-31,29,7,0xc3
617,70b3d54993208829,2017-05-19T09:14:21.000Z,45.7037,13.72008,59.45,691,70b3d5499ea1e80,0x0,0x34,False,1707911950,-31,26,7,0x63
618,70b3d54993208829,2017-05-19T09:14:23.000Z,45.7037,13.72008,59.45,692,70b3d5499ea1e804,0xa6,0xa6,True,1709981022,-33,29,7,0x23
619,70b3d54993208829,2017-05-19T09:14:25.000Z,45.7037,13.72008,59.45,693,70b3d5499ea1e804,0xc4,0xc4,True,1712050044,-33,29,7,0x86
620,70b3d54993208829,2017-05-19T09:14:27.000Z,45.7037,13.72008,59.45,694,70b3d5499ea1e804,0xf3,0xf3,True,1714119061,-32,30,7,0xa5
621,70b3d54993208829,2017-05-19T09:14:29.000Z,45.7037,13.72008,59.45,695,70b3d5499ea1e804,0x91,0x91,True,1716189083,-31,28,7,0x69
622,70b3d54993208829,2017-05-19T09:14:32.000Z,45.7037,13.72008,59.45,696,70b3d5499ea1e804,0x37,0x37,True,1718258106,-31,27,7,0x26
623,70b3d54993208829,2017-05-19T09:14:33.000Z,45.7037,13.72008,59.45,697,70b3d5499ea1e804,0x55,0x55,True,1720327128,-31,27,7,0xe
624,70b3d54993208829,2017-05-19T09:14:36.000Z,45.7037,13.72008,59.45,698,70b3d5499ea1e804,0x59,0x59,True,1722396147,-31,25,7,0x24
625,70b3d54993208829,2017-05-19T09:14:38.000Z,45.7037,13.72008,59.45,699,70b3d5499ea1e804,0x3b,0x3b,True,1724465169,-34,28,7,0x54
626,70b3d54993208829,2017-05-19T09:14:40.000Z,45.7037,13.72008,59.45,700,70b3d5499ea1e804,0xee,0xee,True,1726535202,-36,27,7,0x11
627,70b3d54993208829,2017-05-19T09:14:42.000Z,45.7037,13.72008,59.45,701,70b3d5499ea1e804,0x8c,0x8c,True,1728604224,-39,28,7,0xd8
628,70b3d54993208829,2017-05-19T09:14:44.000Z,45.7037,13.72008,59.45,702,70b3d5499ea1e804,0x2a,0x2a,True,1730673249,-37,28,7,0xde
629,70b3d54993208829,2017-05-19T09:14:46.000Z,45.7037,13.72008,59.45,703,70b3d5499ea1e804,0x48,0x48,True,1732742264,-37,27,7,0x7b
630,70b3d54993208829,2017-05-19T09:14:48.000Z,45.7037,13.72008,59.45,704,70b3d5499ea1e804,0x7f,0x7f,True,1734811286,-39,26,7,0xba
631,70b3d54993208829,2017-05-19T09:14:50.000Z,45.7037,13.72008,59.45,705,70b3d5499ea1e804,0x1d,0x1d,True,1736881301,-36,27,7,0x8b
632,70b3d54993208829,2017-05-19T09:14:52.000Z,45.7037,13.72008,59.45,706,70b3d5499ea1e804,0xbb,0xbb,True,1738953340,-36,26,7,0xe2
633,70b3d54993208829,2017-05-19T09:14:54.000Z,45.7037,13.72008,59.45,707,70b3d5499ea1e804,0xd9,0xd9,True,1741022350,-36,25,7,0x9
634,70b3d54993208829,2017-05-19T09:14:56.000Z,45.7037,13.72008,59.45,708,70b3d5499ea1e804,0xd5,0xd5,True,1743091373,-37,25,7,0xa
635,70b3d54993208829,2017-05-19T09:14:59.000Z,45.7037,13.72008,59.45,709,70b3d5499ea1e804,0xb7,0xb7,True,1745160403,-37,27,7,0x5d
636,70b3d54993208829,2017-05-19T09:15:00.000Z,45.7037,13.72008,59.45,710,70b3d5499ea1e804,0x37,0x37,True,1747229430,-39,30,7,0xa
637,70b3d54993208829,2017-05-19T09:15:03.000Z,45.7037,13.72008,59.45,711,70b3d5499ea1e804,0x55,0x55,True,1749298447,-39,26,7,0xe2
638,70b3d54993208829,2017-05-19T09:15:05.000Z,45.7037,13.72008,59.45,712,70b3d5499ea1e804,0xf3,0xf3,True,1751367467,-37,28,7,0x50
639,70b3d54993208829,2017-05-19T09:15:07.000Z,45.7037,13.72008,59.45,713,70b3d5499ea1e804,0x91,0x91,True,1753436491,-37,28,7,0xaf
640,70b3d54993208829,2017-05-19T09:15:09.000Z,45.7037,13.72008,59.45,714,70b3d5499ea1e804,0xa6,0xa6,True,1755505520,-37,29,7,0x69
641,70b3d54993208829,2017-05-19T09:15:11.000Z,45.7037,13.72008,59.45,715,70b3d5499ea1e804,0xc4,0xc4,True,1757574536,-36,29,7,0xe9
642,70b3d54993208829,2017-05-19T09:15:13.000Z,45.7037,13.72008,59.45,716,70b3d5499ea1e804,0x62,0x62,True,1759643561,-37,27,7,0xc1
643,70b3d54993208829,2017-05-19T09:15:15.000Z,45.7037,13.72008,59.45,717,70b3d5499ea1e80,0x0,0x34,False,1761712537,-37,28,7,0x99
644,70b3d54993208829,2017-05-19T09:15:17.000Z,45.7037,13.72008,59.45,718,70b3d5499ea1e80,0xc,0x98,False,1763781559,-37,29,7,0xa4
645,70b3d54993208829,2017-05-19T09:15:19.000Z,45.7037,13.72008,59.45,719,70b3d5499ea1e804,0x6e,0x6e,True,1765850632,-37,28,7,0x7d
646,70b3d54993208829,2017-05-19T09:15:21.000Z,45.7037,13.72008,59.45,720,70b3d5499ea1e804,0x45,0x45,True,1767919653,-37,27,7,0x19
647,70b3d54993208829,2017-05-19T09:15:23.000Z,45.7037,13.72008,59.45,721,70b3d5499ea1e804,0x27,0x27,True,1769988677,-37,27,7,0xb7
648,70b3d54993208829,2017-05-19T09:15:28.000Z,45.7037,13.72008,59.45,723,70b3d5499ea1e804,0xe3,0xe3,True,1774126716,-37,26,7,0xe9
649,70b3d54993208829,2017-05-19T09:15:29.000Z,45.7037,13.72008,59.45,724,70b3d5499ea1e804,0xd4,0xd4,True,1776196727,-37,27,7,0x88
650,70b3d54993208829,2017-05-19T09:15:32.000Z,45.7037,13.72008,59.45,725,70b3d5499ea1e804,0xb6,0xb6,True,1778265768,-37,26,7,0x1a
651,70b3d54993208829,2017-05-19T09:15:34.000Z,45.7037,13.72008,59.45,726,70b3d5499ea1e804,0x10,0x10,True,1780334787,-39,26,7,0xd9
652,70b3d54993208829,2017-05-19T09:15:36.000Z,45.7037,13.72008,59.45,727,70b3d5499ea1e804,0x72,0x72,True,1782403810,-39,28,7,0x30
653,70b3d54993208829,2017-05-19T09:15:38.000Z,45.7037,13.72008,59.45,728,70b3d5499ea1e804,0x7e,0x7e,True,1784472826,-40,27,7,0xb3
654,70b3d54993208829,2017-05-19T09:15:40.000Z,45.7037,13.72008,59.45,729,70b3d5499ea1e804,0x1c,0x1c,True,1786542849,-40,28,7,0x86
655,70b3d54993208829,2017-05-19T09:15:42.000Z,45.7037,13.72008,59.45,730,70b3d5499ea1e804,0x9c,0x9c,True,1788611874,-40,30,7,0x42
656,70b3d54993208829,2017-05-19T09:15:44.000Z,45.7037,13.72008,59.45,731,70b3d5499ea1e804,0xfe,0xfe,True,1790681888,-40,26,7,0xfa
657,70b3d54993208829,2017-05-19T09:15:46.000Z,45.70369,13.72008,59.45,732,70b3d5499ea1e804,0x58,0x58,True,1792750905,-39,27,7,0x88
658,70b3d54993208829,2017-05-19T09:15:48.000Z,45.70369,13.72008,59.45,733,70b3d5499ea1e804,0x3a,0x3a,True,1794819942,-39,26,7,0x95
659,70b3d54993208829,2017-05-19T09:15:50.000Z,45.70369,13.72008,59.45,734,70b3d5499ea1e80,0xd,0x81,False,1796888920,-40,29,7,0xd1
660,70b3d54993208829,2017-05-19T09:15:52.000Z,45.70369,13.72008,59.45,735,70b3d5499ea1e804,0x6f,0x6f,True,1798957982,-40,28,7,0xe
661,70b3d54993208829,2017-05-19T09:15:54.000Z,45.70369,13.72008,59.45,736,70b3d5499ea1e804,0xc9,0xc9,True,1801027000,-37,29,7,0xaa
662,70b3d54993208829,2017-05-19T09:15:56.000Z,45.70369,13.72008,59.45,737,70b3d5499ea1e804,0xab,0xab,True,1803096029,-41,26,7,0x62
663,70b3d54993208829,2017-05-19T09:15:58.000Z,45.70369,13.72008,59.45,738,70b3d5499ea1e804,0xa7,0xa7,True,1805165055,-40,27,7,0x13
664,70b3d54993208829,2017-05-19T09:16:01.000Z,45.70369,13.72008,59.45,739,70b3d5499ea1e804,0xc5,0xc5,True,1807234077,-42,29,7,0x61
665,70b3d54993208829,2017-05-19T09:16:03.000Z,45.70369,13.72008,59.45,740,70b3d5499ea1e804,0xa1,0xa1,True,1809303101,-35,30,7,0x36
666,70b3d54993208829,2017-05-19T09:16:05.000Z,45.70369,13.72008,59.45,741,70b3d5499ea1e804,0xc3,0xc3,True,1811372124,-34,28,7,0x51
667,70b3d54993208829,2017-05-19T09:16:07.000Z,45.70369,13.72008,59.45,742,70b3d5499ea1e804,0x65,0x65,True,1813441139,-35,26,7,0x83
668,70b3d54993208829,2017-05-19T09:16:09.000Z,45.70372,13.72007,63.45,743,70b3d5499ea1e80,0x7,0x7b,False,1815510123,-35,26,7,0xee
669,70b3d54993208829,2017-05-19T09:16:09.000Z,45.70372,13.72007,63.45,744,70b3d5499ea1e804,0x30,0x30,True,1817579187,-35,25,7,0xb7
670,70b3d54993208829,2017-05-19T09:16:12.000Z,45.70374,13.72009,65.45001,745,70b3d5499ea1e804,0x52,0x52,True,1819648216,-35,26,7,0x68
671,70b3d54993208829,2017-05-19T09:16:15.000Z,45.70374,13.7201,64.45001,746,70b3d5499ea1e804,0xf4,0xf4,True,1821717234,-34,29,7,0x81
672,70b3d54993208829,2017-05-19T09:16:17.000Z,45.70374,13.72011,63.45,747,70b3d5499ea1e804,0x96,0x96,True,1823786259,-34,26,7,0x9a
673,70b3d54993208829,2017-05-19T09:16:19.000Z,45.70373,13.72015,64.45001,748,70b3d5499ea1e804,0x9a,0x9a,True,1825856283,-34,27,7,0xcd
674,70b3d54993208829,2017-05-19T09:16:21.000Z,45.70374,13.72017,63.45,749,70b3d5499ea1e804,0xf8,0xf8,True,1827925304,-34,29,7,0x16
675,70b3d54993208829,2017-05-19T09:16:23.000Z,45.70375,13.7202,58.45,750,70b3d5499ea1e804,0x78,0x78,True,1829994327,-34,25,7,0xce
676,70b3d54993208829,2017-05-19T09:16:25.000Z,45.70374,13.72021,58.45,751,70b3d5499ea1e804,0x1a,0x1a,True,1832063350,-34,24,7,0x5f
677,70b3d54993208829,2017-05-19T09:16:28.000Z,45.70376,13.72021,58.45,752,70b3d5499ea1e804,0xbc,0xbc,True,1834132374,-35,27,7,0xbd
678,70b3d54993208829,2017-05-19T09:16:30.000Z,45.70375,13.7202,58.45,753,70b3d5499ea1e804,0xde,0xde,True,1836201399,-35,28,7,0xad
679,70b3d54993208829,2017-05-19T09:16:32.000Z,45.70377,13.72017,57.45,754,70b3d5499ea1e804,0xe9,0xe9,True,1838270422,-35,25,7,0x62
680,70b3d54993208829,2017-05-19T09:16:34.000Z,45.70378,13.72014,55.45,755,70b3d5499ea1e804,0x8b,0x8b,True,1840339439,-34,27,7,0xec
681,70b3d54993208829,2017-05-19T09:16:36.000Z,45.70379,13.72014,55.45,756,70b3d5499ea1e804,0x2d,0x2d,True,1842408468,-35,29,7,0x96
682,70b3d54993208829,2017-05-19T09:16:38.000Z,45.7038,13.72014,54.45,757,70b3d5499ea1e804,0x4f,0x4f,True,1844477596,-34,32,7,0xc2
683,70b3d54993208829,2017-05-19T09:16:38.000Z,45.7038,13.72014,54.45,758,70b3d5499ea1e804,0x43,0x43,True,1846547506,-34,26,7,0xb2
684,70b3d54993208829,2017-05-19T09:16:42.000Z,45.70381,13.72015,54.45,759,70b3d5499ea1e804,0x21,0x21,True,1848616523,-34,26,7,0x99
685,70b3d54993208829,2017-05-19T09:16:44.000Z,45.7038,13.72014,53.45,760,70b3d5499ea1e80,0xa,0xce,False,1850685507,-42,26,7,0x13
686,70b3d54993208829,2017-05-19T09:16:46.000Z,45.70379,13.72012,53.45,761,70b3d5499ea1e804,0x68,0x68,True,1852754571,-39,28,7,0x13
687,70b3d54993208829,2017-05-19T09:16:48.000Z,45.70379,13.72013,54.45,762,70b3d5499ea1e804,0xce,0xce,True,1854823594,-39,32,7,0x5e
688,70b3d54993208829,2017-05-19T09:16:50.000Z,45.70378,13.72012,54.45,763,70b3d5499ea1e804,0xac,0xac,True,1856892611,-39,29,7,0x8e
689,70b3d54993208829,2017-05-19T09:16:52.000Z,45.70377,13.72011,53.45,764,70b3d5499ea1e804,0x9b,0x9b,True,1858961640,-39,28,7,0x59
690,70b3d54993208829,2017-05-19T09:16:54.000Z,45.70377,13.72011,54.45,765,70b3d5499ea1e804,0xf9,0xf9,True,1861031648,-39,26,7,0xce
691,70b3d54993208829,2017-05-19T09:16:56.000Z,45.70376,13.72011,54.45,766,70b3d5499ea1e804,0x5f,0x5f,True,1863100679,-39,30,7,0x7f
692,70b3d54993208829,2017-05-19T09:16:59.000Z,45.70376,13.72011,54.45,767,70b3d5499ea1e804,0x3d,0x3d,True,1865169702,-39,27,7,0xc7
693,70b3d54993208829,2017-05-19T09:17:01.000Z,45.70377,13.72011,54.45,768,70b3d5499ea1e804,0x31,0x31,True,1867238726,-40,29,7,0x10
694,70b3d54993208829,2017-05-19T09:17:03.000Z,45.70377,13.72011,54.45,769,70b3d5499ea1e804,0x53,0x53,True,1869307750,-40,28,7,0x36
695,70b3d54993208829,2017-05-19T09:17:05.000Z,45.70377,13.72011,54.45,770,70b3d5499ea1e804,0xd3,0xd3,True,1871376774,-39,31,7,0x33
696,70b3d54993208829,2017-05-19T09:17:07.000Z,45.70377,13.72011,54.45,771,70b3d5499ea1e804,0xb1,0xb1,True,1873445789,-39,27,7,0xde
697,70b3d54993208829,2017-05-19T09:17:09.000Z,45.70376,13.72011,54.45,772,70b3d5499ea1e804,0x17,0x17,True,1875514821,-39,25,7,0x40
698,70b3d54993208829,2017-05-19T09:17:11.000Z,45.70376,13.72011,54.45,773,70b3d5499ea1e804,0x75,0x75,True,1877583836,-40,28,7,0xd8
699,70b3d54993208829,2017-05-19T09:17:13.000Z,45.70376,13.72011,54.45,774,70b3d5499ea1e804,0x42,0x42,True,1879652868,-40,30,7,0xba
700,70b3d54993208829,2017-05-19T09:17:15.000Z,45.70376,13.72011,54.45,775,70b3d5499ea1e804,0x20,0x20,True,1881721883,-39,29,7,0x59
701,70b3d54993208829,2017-05-19T09:17:17.000Z,45.70376,13.72011,54.45,776,70b3d5499ea1e804,0x86,0x86,True,1883790915,-39,28,7,0x92
702,70b3d54993208829,2017-05-19T09:17:19.000Z,45.70376,13.72011,54.45,777,70b3d5499ea1e804,0xe4,0xe4,True,1885859930,-39,25,7,0x1f
703,70b3d54993208829,2017-05-19T09:17:21.000Z,45.70376,13.72011,54.45,778,70b3d5499ea1e804,0xe8,0xe8,True,1887928946,-39,27,7,0xd
704,70b3d54993208829,2017-05-19T09:17:23.000Z,45.70376,13.72011,54.45,779,70b3d5499ea1e804,0x8a,0x8a,True,1889997979,-39,26,7,0xe3
705,70b3d54993208829,2017-05-19T09:17:25.000Z,45.70376,13.72011,54.45,780,70b3d5499ea1e804,0x70,0x70,True,1892067001,-39,29,7,0xa
706,70b3d54993208829,2017-05-19T09:17:27.000Z,45.70376,13.72011,54.45,781,70b3d5499ea1e804,0x12,0x12,True,1894136026,-39,26,7,0x87
707,70b3d54993208829,2017-05-19T09:17:30.000Z,45.70376,13.72011,54.45,782,70b3d5499ea1e804,0xb4,0xb4,True,1896205039,-40,26,7,0xdb
708,70b3d54993208829,2017-05-19T09:17:31.000Z,45.70376,13.72011,54.45,783,70b3d5499ea1e804,0xd6,0xd6,True,1898274073,-39,27,7,0xdb
709,70b3d54993208829,2017-05-19T09:17:34.000Z,45.70376,13.72012,54.45,784,70b3d5499ea1e804,0xe1,0xe1,True,1900343087,-39,27,7,0x2f
710,70b3d54993208829,2017-05-19T09:17:36.000Z,45.70376,13.72012,54.45,785,70b3d5499ea1e804,0x83,0x83,True,1902412111,-40,28,7,0x15
711,70b3d54993208829,2017-05-19T09:17:38.000Z,45.70377,13.72012,54.45,786,70b3d5499ea1e804,0x25,0x25,True,1904481134,-40,26,7,0xa5
712,70b3d54993208829,2017-05-19T09:17:40.000Z,45.70377,13.72012,54.45,787,70b3d5499ea1e804,0x47,0x47,True,1906550158,-39,27,7,0x7a
713,70b3d54993208829,2017-05-19T09:17:42.000Z,45.70377,13.72012,54.45,788,70b3d5499ea1e804,0x4b,0x4b,True,1908619180,-39,28,7,0xbc
714,70b3d54993208829,2017-05-19T09:17:44.000Z,45.70377,13.72012,54.45,789,70b3d5499ea1e804,0x29,0x29,True,1910688207,-37,28,7,0x38
715,70b3d54993208829,2017-05-19T09:17:46.000Z,45.70377,13.72012,54.45,790,70b3d5499ea1e804,0xa9,0xa9,True,1912757219,-37,27,7,0x2
716,70b3d54993208829,2017-05-19T09:17:48.000Z,45.70377,13.72012,54.45,791,70b3d5499ea1e804,0xcb,0xcb,True,1914826254,-39,27,7,0x74
717,70b3d54993208829,2017-05-19T09:17:50.000Z,45.70377,13.72012,54.45,792,70b3d5499ea1e804,0x6d,0x6d,True,1916896261,-39,29,7,0x30
